,,,,,,,,,,,latitude,longitude,group,,
,,,,,,,,,,,40.71932,-73.98995,0,,
,,,,,,,,,,,40.83935,-73.32388,0,,
,,,,,,,,,,,40.86502,-73.13054,0,,
,,,,,,,,,,,41.53071,-73.89339,0,,
,,,,,,,,,,,40.91709,-72.70946,0,,
,,,,,,,,,,,40.76371,-73.9773,0,,
,,,,,,,,,,,40.70455,-74.00919,0,,
,,,,,,,,,,,40.89854,-73.33077,0,,
,,,,,,,,,,,40.74854,-73.04797,0,,
,,,,,,,,,,,42.13631,-75.90445,0,,
,,,,,,,,,,,40.86383,-73.32113,0,,
,,,,,,,,,,,42.4406,-76.49705,0,,
,,,,,,,,,,,40.74038,-73.99117,0,,
,,,,,,,,,,,42.78364,-73.91362,0,,
,,,,,,,,,,,40.58107,-74.16651,0,,
,,,,,,,,,,,40.95061,-73.82764,0,,
,,,,,,,,,,,42.64633,-73.69735,0,,
,,,,,,,,,,,40.84907,-73.63492,0,,
,,,,,,,,,,,41.96269,-73.989,0,,
,,,,,,,,,,,40.76239,-73.96574,0,,
,,,,,,,,,,,43.97651,-75.94418,0,,
,,,,,,,,,,,44.69675,-73.48341,0,,
,,,,,,,,,,,40.7614,-73.96786,0,,
,,,,,,,,,,,43.03214,-78.6972,0,,
,,,,,,,,,,,40.75933,-73.95289,0,,
,,,,,,,,,,,40.74914,-73.98383,0,,
,,,,,,,,,,,40.75945,-73.96998,0,,
,,,,,,,,,,,43.08078,-77.63326,0,,
,,,,,,,,,,,42.68946,-73.85047,0,,
,,,,,,,,,,,44.2885,-73.98528,0,,
,,,,,,,,,,,42.67841,-73.83036,0,,
,,,,,,,,,,,42.65229,-73.77619,0,,
,,,,,,,,,,,40.77865,-73.95604,0,,
,,,,,,,,,,,41.09883,-74.01501,0,,
,,,,,,,,,,,40.74342,-73.9182,0,,
,,,,,,,,,,,43.06996,-76.17306,0,,
,,,,,,,,,,,40.62638,-73.73607,0,,
,,,,,,,,,,,43.21039,-77.45984,0,,
,,,,,,,,,,,41.09751,-73.95703,0,,
,,,,,,,,,,,40.82338,-73.94261,0,,
,,,,,,,,,,,40.72756,-74.00741,0,,
,,,,,,,,,,,40.73368,-74.00613,0,,
,,,,,,,,,,,40.75696,-73.9759,0,,
,,,,,,,,,,,40.75404,-73.97859,0,,
,,,,,,,,,,,40.77137,-73.98259,0,,
,,,,,,,,,,,40.74866,-73.98561,0,,
,,,,,,,,,,,40.76477,-73.97709,0,,
,,,,,,,,,,,40.68623,-73.991,0,,
,,,,,,,,,,,40.62113,-74.02582,0,,
,,,,,,,,,,,40.6947,-73.98696,0,,
,,,,,,,,,,,42.72662,-73.79539,0,,
,,,,,,,,,,,40.84505,-73.2749,0,,
,,,,,,,,,,,40.70935,-73.86932,0,,
,,,,,,,,,,,41.13432,-73.79325,0,,
,,,,,,,,,,,40.88578,-73.90997,0,,
,,,,,,,,,,,42.44156,-76.48364,0,,
,,,,,,,,,,,40.7099,-73.8305,0,,
,,,,,,,,,,,40.71887,-74.0025,0,,
,,,,,,,,,,,41.00306,-73.85689,0,,
,,,,,,,,,,,40.9043,-73.07376,0,,
,,,,,,,,,,,40.73533,-73.87491,0,,
,,,,,,,,,,,42.79559,-77.81937,0,,
,,,,,,,,,,,40.73053,-73.95414,0,,
,,,,,,,,,,,42.09297,-75.94995,0,,
,,,,,,,,,,,42.8775,-77.26267,0,,
,,,,,,,,,,,40.72701,-73.71402,0,,
,,,,,,,,,,,43.20636,-77.67074,0,,
,,,,,,,,,,,42.75098,-73.76442,0,,
,,,,,,,,,,,41.453,-74.38005,0,,
,,,,,,,,,,,40.74978,-73.9728,0,,
,,,,,,,,,,,40.84712,-73.84435,0,,
,,,,,,,,,,,40.74697,-73.99332,0,,
,,,,,,,,,,,40.74166,-73.99031,0,,
,,,,,,,,,,,40.6766,-73.55708,0,,
,,,,,,,,,,,40.77728,-73.03153,0,,
,,,,,,,,,,,40.98594,-72.53736,0,,
,,,,,,,,,,,40.75016,-73.99203,0,,
,,,,,,,,,,,40.79569,-73.93255,0,,
,,,,,,,,,,,40.60502,-73.99861,0,,
,,,,,,,,,,,40.75088,-73.98888,0,,
,,,,,,,,,,,40.75112,-73.9895,0,,
,,,,,,,,,,,43.13295,-77.6889,0,,
,,,,,,,,,,,40.68274,-73.43484,0,,
,,,,,,,,,,,40.79888,-73.96837,0,,
,,,,,,,,,,,40.72689,-74.00026,0,,
,,,,,,,,,,,40.7639,-73.72665,0,,
,,,,,,,,,,,40.75805,-73.98219,0,,
,,,,,,,,,,,40.84135,-73.93982,0,,
,,,,,,,,,,,40.74944,-73.88736,0,,
,,,,,,,,,,,40.71035,-74.00794,0,,
,,,,,,,,,,,40.76462,-73.30412,0,,
,,,,,,,,,,,40.92776,-73.84295,0,,
,,,,,,,,,,,40.80592,-73.9545,0,,
,,,,,,,,,,,40.73798,-73.9883,0,,
,,,,,,,,,,,40.78929,-73.97533,0,,
,,,,,,,,,,,40.80895,-73.94823,0,,
,,,,,,,,,,,40.74432,-73.99525,0,,
,,,,,,,,,,,40.73198,-73.61275,0,,
,,,,,,,,,,,40.76188,-73.52777,0,,
,,,,,,,,,,,41.14459,-73.99025,0,,
,,,,,,,,,,,40.83332,-73.14674,0,,
,,,,,,,,,,,40.76199,-73.92507,0,,
,,,,,,,,,,,40.71378,-74.00912,0,,
,,,,,,,,,,,42.70694,-73.82328,0,,
,,,,,,,,,,,40.75582,-73.97569,0,,
,,,,,,,,,,,40.7291,-73.27888,0,,
,,,,,,,,,,,40.75561,-73.98413,0,,
,,,,,,,,,,,40.73938,-74.00261,0,,
,,,,,,,,,,,40.81261,-73.61636,0,,
,,,,,,,,,,,40.8841,-73.10242,0,,
,,,,,,,,,,,40.72551,-73.49599,0,,
,,,,,,,,,,,40.83902,-73.28691,0,,
,,,,,,,,,,,40.76587,-73.95743,0,,
,,,,,,,,,,,41.50735,-74.06817,0,,
,,,,,,,,,,,40.71817,-74.00711,0,,
,,,,,,,,,,,40.65223,-73.86771,0,,
,,,,,,,,,,,40.61104,-73.92046,0,,
,,,,,,,,,,,40.72472,-73.98757,0,,
,,,,,,,,,,,40.69483,-73.50745,0,,
,,,,,,,,,,,40.751,-73.98701,0,,
,,,,,,,,,,,40.69176,-73.98856,0,,
,,,,,,,,,,,40.70721,-74.00477,0,,
,,,,,,,,,,,40.74383,-73.98888,0,,
,,,,,,,,,,,40.75713,-73.99136,0,,
,,,,,,,,,,,42.48377,-76.48738,0,,
,,,,,,,,,,,40.73745,-73.8773,0,,
,,,,,,,,,,,40.78824,-73.70271,0,,
,,,,,,,,,,,41.96939,-73.98878,0,,
,,,,,,,,,,,43.18562,-76.23026,0,,
,,,,,,,,,,,40.79567,-73.96547,0,,
,,,,,,,,,,,40.74038,-73.98409,0,,
,,,,,,,,,,,40.76309,-73.97263,0,,
,,,,,,,,,,,40.75783,-73.99123,0,,
,,,,,,,,,,,40.75072,-73.98867,0,,
,,,,,,,,,,,40.68264,-73.97594,0,,
,,,,,,,,,,,40.7618,-73.97955,0,,
,,,,,,,,,,,40.73069,-73.98308,0,,
,,,,,,,,,,,43.12783,-77.44128,0,,
,,,,,,,,,,,40.74446,-73.60758,0,,
,,,,,,,,,,,40.71125,-74.00645,0,,
,,,,,,,,,,,42.86658,-73.93273,0,,
,,,,,,,,,,,40.76471,-73.96636,0,,
,,,,,,,,,,,43.03664,-76.14065,0,,
,,,,,,,,,,,40.66452,-73.71795,0,,
,,,,,,,,,,,40.9124,-73.11732,0,,
,,,,,,,,,,,40.74915,-73.9883,0,,
,,,,,,,,,,,40.74195,-73.98081,0,,
,,,,,,,,,,,40.52179,-74.23505,0,,
,,,,,,,,,,,40.67748,-73.97294,0,,
,,,,,,,,,,,40.72635,-73.48282,0,,
,,,,,,,,,,,40.80637,-73.28865,0,,
,,,,,,,,,,,40.76184,-73.9787,0,,
,,,,,,,,,,,40.76063,-73.98717,0,,
,,,,,,,,,,,40.73492,-73.86891,0,,
,,,,,,,,,,,43.07055,-77.43971,0,,
,,,,,,,,,,,40.99014,-73.80811,0,,
,,,,,,,,,,,40.63157,-74.02757,0,,
,,,,,,,,,,,41.1441,-73.86187,0,,
,,,,,,,,,,,42.0977,-79.29118,0,,
,,,,,,,,,,,40.7451,-73.99874,0,,
,,,,,,,,,,,40.57787,-73.96113,0,,
,,,,,,,,,,,41.03213,-73.76746,0,,
,,,,,,,,,,,42.74142,-73.80833,0,,
,,,,,,,,,,,40.81963,-73.93039,0,,
,,,,,,,,,,,43.10684,-77.74644,0,,
,,,,,,,,,,,40.72083,-73.79035,0,,
,,,,,,,,,,,42.46717,-75.06509,0,,
,,,,,,,,,,,40.7471,-73.99458,0,,
,,,,,,,,,,,40.78588,-73.95092,0,,
,,,,,,,,,,,40.64846,-73.78237,0,,
,,,,,,,,,,,40.64848,-73.78195,0,,
,,,,,,,,,,,43.09742,-75.83784,0,,
,,,,,,,,,,,42.96461,-74.19067,0,,
,,,,,,,,,,,40.91369,-73.11649,0,,
,,,,,,,,,,,40.83044,-73.68845,0,,
,,,,,,,,,,,40.56947,-74.10979,0,,
,,,,,,,,,,,40.94603,-73.79542,0,,
,,,,,,,,,,,40.94577,-73.06831,0,,
,,,,,,,,,,,40.75969,-73.98524,0,,
,,,,,,,,,,,40.78014,-73.95535,0,,
,,,,,,,,,,,40.72098,-73.84737,0,,
,,,,,,,,,,,40.81644,-73.46593,0,,
,,,,,,,,,,,40.7531,-73.97951,0,,
,,,,,,,,,,,40.99074,-73.82296,0,,
,,,,,,,,,,,40.78901,-73.53653,0,,
,,,,,,,,,,,40.75247,-73.98723,0,,
,,,,,,,,,,,42.41225,-73.90004,0,,
,,,,,,,,,,,41.1547,-74.1858,0,,
,,,,,,,,,,,40.70329,-74.01412,0,,
,,,,,,,,,,,40.76703,-73.98399,0,,
,,,,,,,,,,,40.79768,-73.70001,0,,
,,,,,,,,,,,40.71881,-73.58968,0,,
,,,,,,,,,,,40.62449,-73.63953,0,,
,,,,,,,,,,,40.74115,-74.0013,0,,
,,,,,,,,,,,40.83775,-73.7017,0,,
,,,,,,,,,,,40.73744,-74.00164,0,,
,,,,,,,,,,,40.75808,-73.98888,0,,
,,,,,,,,,,,40.75489,-73.9838,0,,
,,,,,,,,,,,40.74016,-73.98697,0,,
,,,,,,,,,,,40.93219,-73.7596,0,,
,,,,,,,,,,,40.76075,-73.9837,0,,
,,,,,,,,,,,40.74184,-73.99324,0,,
,,,,,,,,,,,43.0904,-77.51486,0,,
,,,,,,,,,,,40.7394,-73.78548,0,,
,,,,,,,,,,,40.65669,-73.54966,0,,
,,,,,,,,,,,40.9692,-73.80762,0,,
,,,,,,,,,,,41.01286,-73.84686,0,,
,,,,,,,,,,,40.66698,-73.47487,0,,
,,,,,,,,,,,43.12316,-77.61791,0,,
,,,,,,,,,,,43.12656,-77.56473,0,,
,,,,,,,,,,,40.74899,-73.99237,0,,
,,,,,,,,,,,40.77795,-73.97817,0,,
,,,,,,,,,,,43.00242,-78.78541,0,,
,,,,,,,,,,,41.1592,-73.77264,0,,
,,,,,,,,,,,43.00065,-78.82182,0,,
,,,,,,,,,,,40.80958,-73.62763,0,,
,,,,,,,,,,,42.68333,-73.84022,0,,
,,,,,,,,,,,42.99239,-78.69755,0,,
,,,,,,,,,,,42.96173,-78.75061,0,,
,,,,,,,,,,,40.73879,-73.9834,0,,
,,,,,,,,,,,40.75019,-73.97456,0,,
,,,,,,,,,,,40.76887,-73.98235,0,,
,,,,,,,,,,,43.14445,-77.58949,0,,
,,,,,,,,,,,40.76148,-73.9735,0,,
,,,,,,,,,,,40.72044,-73.84444,0,,
,,,,,,,,,,,43.08038,-73.78598,0,,
,,,,,,,,,,,40.78671,-73.97224,0,,
,,,,,,,,,,,40.75133,-73.99216,0,,
,,,,,,,,,,,40.77765,-73.98248,0,,
,,,,,,,,,,,40.69245,-73.99126,0,,
,,,,,,,,,,,43.08865,-77.6081,0,,
,,,,,,,,,,,40.58662,-74.16782,0,,
,,,,,,,,,,,42.81619,-73.88722,0,,
,,,,,,,,,,,40.75412,-73.97171,0,,
,,,,,,,,,,,40.70573,-73.85812,0,,
,,,,,,,,,,,40.75238,-73.97562,0,,
,,,,,,,,,,,40.70574,-73.65453,0,,
,,,,,,,,,,,40.71091,-74.00984,0,,
,,,,,,,,,,,40.73502,-73.98985,0,,
,,,,,,,,,,,42.71069,-73.8202,0,,
,,,,,,,,,,,43.20397,-77.55689,0,,
,,,,,,,,,,,42.9226,-78.87682,0,,
,,,,,,,,,,,40.8047,-73.96667,0,,
,,,,,,,,,,,42.72761,-73.76099,0,,
,,,,,,,,,,,40.64068,-73.60813,0,,
,,,,,,,,,,,40.76086,-73.76647,0,,
,,,,,,,,,,,40.76218,-73.98747,0,,
,,,,,,,,,,,40.58446,-73.65828,0,,
,,,,,,,,,,,40.78363,-73.97446,0,,
,,,,,,,,,,,40.92202,-73.77357,0,,
,,,,,,,,,,,40.64076,-73.69933,0,,
,,,,,,,,,,,40.72723,-73.42447,0,,
,,,,,,,,,,,40.70279,-74.0128,0,,
,,,,,,,,,,,40.75184,-73.99021,0,,
,,,,,,,,,,,40.76098,-73.96964,0,,
,,,,,,,,,,,40.9376,-72.30177,0,,
,,,,,,,,,,,40.78263,-73.95143,0,,
,,,,,,,,,,,40.85562,-73.19143,0,,
,,,,,,,,,,,40.65517,-73.67593,0,,
,,,,,,,,,,,40.76162,-73.99004,0,,
,,,,,,,,,,,40.70529,-74.01105,0,,
,,,,,,,,,,,40.74507,-73.98686,0,,
,,,,,,,,,,,40.58878,-73.66714,0,,
,,,,,,,,,,,40.75636,-73.97813,0,,
,,,,,,,,,,,40.75643,-73.97838,0,,
,,,,,,,,,,,40.74426,-73.98375,0,,
,,,,,,,,,,,41.11216,-74.11275,0,,
,,,,,,,,,,,41.0124,-73.79612,0,,
,,,,,,,,,,,40.94058,-73.10832,0,,
,,,,,,,,,,,40.67198,-73.97746,0,,
,,,,,,,,,,,40.75876,-73.97869,0,,
,,,,,,,,,,,40.75876,-73.97869,0,,
,,,,,,,,,,,40.75136,-73.99043,0,,
,,,,,,,,,,,40.73568,-73.08337,0,,
,,,,,,,,,,,42.89082,-78.87624,0,,
,,,,,,,,,,,41.09112,-73.91848,0,,
,,,,,,,,,,,40.76311,-73.33008,0,,
,,,,,,,,,,,40.80781,-73.94511,0,,
,,,,,,,,,,,40.75517,-73.97941,0,,
,,,,,,,,,,,40.75504,-73.98641,0,,
,,,,,,,,,,,40.77427,-73.73295,0,,
,,,,,,,,,,,40.76931,-73.9849,0,,
,,,,,,,,,,,40.71552,-74.00915,0,,
,,,,,,,,,,,40.75533,-73.99091,0,,
,,,,,,,,,,,40.75263,-73.9929,0,,
,,,,,,,,,,,40.79252,-73.97303,0,,
,,,,,,,,,,,42.78851,-78.81207,0,,
,,,,,,,,,,,40.66143,-73.84016,0,,
,,,,,,,,,,,40.70846,-74.00753,0,,
,,,,,,,,,,,40.65691,-73.64505,0,,
,,,,,,,,,,,40.72719,-73.99546,0,,
,,,,,,,,,,,41.74797,-74.08521,0,,
,,,,,,,,,,,40.7637,-73.98529,0,,
,,,,,,,,,,,40.75481,-73.11612,0,,
,,,,,,,,,,,41.27483,-73.78046,0,,
,,,,,,,,,,,40.75087,-73.97528,0,,
,,,,,,,,,,,40.74776,-73.98531,0,,
,,,,,,,,,,,40.7564,-73.55266,0,,
,,,,,,,,,,,40.75365,-73.98843,0,,
,,,,,,,,,,,41.31634,-74.12603,0,,
,,,,,,,,,,,40.72966,-73.99618,0,,
,,,,,,,,,,,40.93999,-73.74397,0,,
,,,,,,,,,,,40.76114,-73.96918,0,,
,,,,,,,,,,,40.75678,-74.00343,0,,
,,,,,,,,,,,40.86302,-73.05505,0,,
,,,,,,,,,,,43.04172,-76.13458,0,,
,,,,,,,,,,,40.80711,-73.96491,0,,
,,,,,,,,,,,42.44868,-79.33924,0,,
,,,,,,,,,,,40.74892,-73.98268,0,,
,,,,,,,,,,,40.75809,-73.82954,0,,
,,,,,,,,,,,42.66413,-73.78549,0,,
,,,,,,,,,,,40.73703,-73.99055,0,,
,,,,,,,,,,,40.91478,-73.12376,0,,
,,,,,,,,,,,40.78027,-73.65025,0,,
,,,,,,,,,,,43.12898,-77.62971,0,,
,,,,,,,,,,,40.73318,-74.00293,0,,
,,,,,,,,,,,40.76522,-73.98203,0,,
,,,,,,,,,,,40.77614,-73.911,0,,
,,,,,,,,,,,40.75504,-73.96861,0,,
,,,,,,,,,,,40.78714,-73.95448,0,,
,,,,,,,,,,,40.75799,-73.98563,0,,
,,,,,,,,,,,40.78202,-73.82987,0,,
,,,,,,,,,,,40.71233,-74.00795,0,,
,,,,,,,,,,,40.71486,-74.00576,0,,
,,,,,,,,,,,40.76023,-73.91822,0,,
,,,,,,,,,,,42.855,-74.1258,0,,
,,,,,,,,,,,40.75158,-73.97359,0,,
,,,,,,,,,,,40.79073,-73.41592,0,,
,,,,,,,,,,,40.75453,-73.9761,0,,
,,,,,,,,,,,40.64832,-73.79173,0,,
,,,,,,,,,,,43.13695,-76.2265,0,,
,,,,,,,,,,,40.64025,-73.78944,0,,
,,,,,,,,,,,40.743,-74.00034,0,,
,,,,,,,,,,,40.74357,-73.99203,0,,
,,,,,,,,,,,40.70964,-74.01461,0,,
,,,,,,,,,,,40.9899,-73.872,0,,
,,,,,,,,,,,42.97134,-77.17138,0,,
,,,,,,,,,,,43.0534,-74.8476,0,,
,,,,,,,,,,,43.11951,-75.405,0,,
,,,,,,,,,,,41.6175,-74.07632,0,,
,,,,,,,,,,,42.01765,-74.01447,0,,
,,,,,,,,,,,40.78918,-73.09849,0,,
,,,,,,,,,,,43.08678,-79.05978,0,,
,,,,,,,,,,,40.75409,-73.68799,0,,
,,,,,,,,,,,40.68855,-73.99277,0,,
,,,,,,,,,,,40.64264,-73.79128,0,,
,,,,,,,,,,,40.64148,-73.78893,0,,
,,,,,,,,,,,40.75502,-73.97322,0,,
,,,,,,,,,,,43.13008,-77.47692,0,,
,,,,,,,,,,,40.75033,-73.97704,0,,
,,,,,,,,,,,40.76035,-73.96114,0,,
,,,,,,,,,,,40.75176,-73.41908,0,,
,,,,,,,,,,,40.85806,-73.08891,0,,
,,,,,,,,,,,40.73375,-73.9866,0,,
,,,,,,,,,,,40.87323,-73.90873,0,,
,,,,,,,,,,,40.68444,-73.97752,0,,
,,,,,,,,,,,40.75715,-73.61934,0,,
,,,,,,,,,,,40.72577,-74.00558,0,,
,,,,,,,,,,,40.72505,-73.63441,0,,
,,,,,,,,,,,40.77206,-73.53297,0,,
,,,,,,,,,,,40.90062,-73.81908,0,,
,,,,,,,,,,,42.75656,-73.7706,0,,
,,,,,,,,,,,41.21631,-73.72259,0,,
,,,,,,,,,,,40.78342,-73.83329,0,,
,,,,,,,,,,,40.87728,-73.11852,0,,
,,,,,,,,,,,43.3269,-73.67655,0,,
,,,,,,,,,,,40.851,-73.93842,0,,
,,,,,,,,,,,43.21133,-77.45065,0,,
,,,,,,,,,,,40.82491,-72.98895,0,,
,,,,,,,,,,,40.69069,-73.68552,0,,
,,,,,,,,,,,40.74191,-73.60025,0,,
,,,,,,,,,,,40.61927,-74.03295,0,,
,,,,,,,,,,,41.09753,-73.95313,0,,
,,,,,,,,,,,41.31752,-74.15309,0,,
,,,,,,,,,,,40.72911,-73.21488,0,,
,,,,,,,,,,,40.75874,-73.97094,0,,
,,,,,,,,,,,40.52828,-74.23331,0,,
,,,,,,,,,,,41.50544,-74.05862,0,,
,,,,,,,,,,,42.0802,-76.01769,0,,
,,,,,,,,,,,43.11112,-77.5473,0,,
,,,,,,,,,,,42.15313,-76.87226,0,,
,,,,,,,,,,,40.77274,-73.20139,0,,
,,,,,,,,,,,40.77912,-73.94747,0,,
,,,,,,,,,,,42.85983,-73.78151,0,,
,,,,,,,,,,,42.86848,-78.6975,0,,
,,,,,,,,,,,42.87883,-78.69862,0,,
,,,,,,,,,,,43.19714,-77.57628,0,,
,,,,,,,,,,,40.76223,-73.98656,0,,
,,,,,,,,,,,40.77613,-73.9502,0,,
,,,,,,,,,,,40.76183,-73.98115,0,,
,,,,,,,,,,,43.97161,-75.96028,0,,
,,,,,,,,,,,40.73687,-73.99633,0,,
,,,,,,,,,,,43.1595,-76.12123,0,,
,,,,,,,,,,,42.09412,-76.00173,0,,
,,,,,,,,,,,42.99843,-78.81754,0,,
,,,,,,,,,,,40.71833,-74.00002,0,,
,,,,,,,,,,,41.4148,-73.66914,0,,
,,,,,,,,,,,40.77121,-73.95683,0,,
,,,,,,,,,,,43.0464,-76.23613,0,,
,,,,,,,,,,,40.72126,-74.00045,0,,
,,,,,,,,,,,40.63126,-73.94724,0,,
,,,,,,,,,,,40.70874,-74.00951,0,,
,,,,,,,,,,,43.00997,-78.20955,0,,
,,,,,,,,,,,42.79201,-78.78371,0,,
,,,,,,,,,,,44.70377,-73.49266,0,,
,,,,,,,,,,,40.76402,-73.9789,0,,
,,,,,,,,,,,40.76487,-73.97897,0,,
,,,,,,,,,,,40.79387,-73.97275,0,,
,,,,,,,,,,,40.68446,-73.97752,0,,
,,,,,,,,,,,41.72498,-73.93033,0,,
,,,,,,,,,,,40.77998,-73.97714,0,,
,,,,,,,,,,,43.02529,-77.43634,0,,
,,,,,,,,,,,40.74168,-74.00463,0,,
,,,,,,,,,,,40.87864,-72.52142,0,,
,,,,,,,,,,,40.82045,-73.40936,0,,
,,,,,,,,,,,40.80991,-73.50141,0,,
,,,,,,,,,,,40.8354,-73.86151,0,,
,,,,,,,,,,,40.73776,-73.61301,0,,
,,,,,,,,,,,40.75761,-73.97086,0,,
,,,,,,,,,,,40.75105,-73.98994,0,,
,,,,,,,,,,,40.71573,-74.00311,0,,
,,,,,,,,,,,40.70823,-74.01109,0,,
,,,,,,,,,,,40.74521,-73.99088,0,,
,,,,,,,,,,,42.95798,-78.87003,0,,
,,,,,,,,,,,40.75293,-73.97672,0,,
,,,,,,,,,,,40.75196,-73.97972,0,,
,,,,,,,,,,,40.75686,-73.97263,0,,
,,,,,,,,,,,41.03798,-73.70291,0,,
,,,,,,,,,,,40.82849,-73.19927,0,,
,,,,,,,,,,,40.75307,-73.99943,0,,
,,,,,,,,,,,40.94175,-72.9871,0,,
,,,,,,,,,,,40.7498,-73.99234,0,,
,,,,,,,,,,,40.73323,-73.98082,0,,
,,,,,,,,,,,40.7624,-73.97406,0,,
,,,,,,,,,,,40.871,-72.79881,0,,
,,,,,,,,,,,40.78102,-73.98107,0,,
,,,,,,,,,,,40.70649,-74.00678,0,,
,,,,,,,,,,,42.91254,-78.76311,0,,
,,,,,,,,,,,40.96341,-72.18625,0,,
,,,,,,,,,,,40.63046,-74.10612,0,,
,,,,,,,,,,,41.66085,-73.93105,0,,
,,,,,,,,,,,40.75703,-73.98878,0,,
,,,,,,,,,,,40.72626,-73.85278,0,,
,,,,,,,,,,,40.75177,-73.97765,0,,
,,,,,,,,,,,40.98103,-73.82932,0,,
,,,,,,,,,,,40.75245,-73.9094,0,,
,,,,,,,,,,,40.70435,-74.01302,0,,
,,,,,,,,,,,40.61917,-73.98991,0,,
,,,,,,,,,,,42.65016,-73.75272,0,,
,,,,,,,,,,,40.61224,-74.13258,0,,
,,,,,,,,,,,42.63894,-73.85667,0,,
,,,,,,,,,,,41.69834,-73.88017,0,,
,,,,,,,,,,,40.80512,-72.95693,0,,
,,,,,,,,,,,42.97852,-78.73296,0,,
,,,,,,,,,,,41.3342,-73.6976,0,,
,,,,,,,,,,,40.74135,-73.69843,0,,
,,,,,,,,,,,40.71078,-73.36179,0,,
,,,,,,,,,,,40.66734,-73.40626,0,,
,,,,,,,,,,,40.56406,-74.11467,0,,
,,,,,,,,,,,42.90858,-78.77129,0,,
,,,,,,,,,,,40.93961,-73.8344,0,,
,,,,,,,,,,,40.74709,-73.98124,0,,
,,,,,,,,,,,40.58111,-73.98543,0,,
,,,,,,,,,,,40.98337,-73.68488,0,,
,,,,,,,,,,,41.20716,-73.72907,0,,
,,,,,,,,,,,40.77003,-73.95463,0,,
,,,,,,,,,,,40.77464,-73.95433,0,,
,,,,,,,,,,,40.77421,-73.98135,0,,
,,,,,,,,,,,40.76593,-73.96359,0,,
,,,,,,,,,,,40.77412,-73.95932,0,,
,,,,,,,,,,,40.73001,-73.99166,0,,
,,,,,,,,,,,40.74368,-73.97687,0,,
,,,,,,,,,,,40.86436,-73.63184,0,,
,,,,,,,,,,,40.72936,-73.98737,0,,
,,,,,,,,,,,40.7849,-73.9787,0,,
,,,,,,,,,,,40.78464,-73.50206,0,,
,,,,,,,,,,,40.6947,-73.99397,0,,
,,,,,,,,,,,40.73304,-73.99976,0,,
,,,,,,,,,,,40.71184,-74.00684,0,,
,,,,,,,,,,,40.76209,-73.98335,0,,
,,,,,,,,,,,40.72253,-73.99796,0,,
,,,,,,,,,,,40.87127,-73.42755,0,,
,,,,,,,,,,,40.76755,-73.98295,0,,
,,,,,,,,,,,40.76431,-73.98091,0,,
,,,,,,,,,,,40.75664,-73.9859,0,,
,,,,,,,,,,,40.77236,-73.94992,0,,
,,,,,,,,,,,41.00264,-73.68134,0,,
,,,,,,,,,,,40.75063,-73.97926,0,,
,,,,,,,,,,,40.60001,-73.65413,0,,
,,,,,,,,,,,40.78868,-73.72926,0,,
,,,,,,,,,,,40.75814,-73.97427,0,,
,,,,,,,,,,,40.76405,-73.98223,0,,
,,,,,,,,,,,40.75732,-73.98558,0,,
,,,,,,,,,,,40.70749,-74.01125,0,,
,,,,,,,,,,,40.76559,-73.82589,0,,
,,,,,,,,,,,40.70926,-74.01051,0,,
,,,,,,,,,,,40.71114,-74.01543,0,,
,,,,,,,,,,,40.7606,-73.97961,0,,
,,,,,,,,,,,40.76076,-73.97962,0,,
,,,,,,,,,,,40.76292,-73.97881,0,,
,,,,,,,,,,,40.75903,-73.97356,0,,
,,,,,,,,,,,40.75318,-73.97498,0,,
,,,,,,,,,,,40.75389,-73.97872,0,,
,,,,,,,,,,,43.02859,-77.44264,0,,
,,,,,,,,,,,40.87357,-73.90852,0,,
,,,,,,,,,,,40.72556,-73.51637,0,,
,,,,,,,,,,,40.70269,-73.99091,0,,
,,,,,,,,,,,41.15186,-73.82909,0,,
,,,,,,,,,,,40.77749,-73.95513,0,,
,,,,,,,,,,,40.75893,-73.99252,0,,
,,,,,,,,,,,43.02888,-76.01654,0,,
,,,,,,,,,,,43.32922,-73.67484,0,,
,,,,,,,,,,,41.03222,-73.76112,0,,
,,,,,,,,,,,40.75591,-73.92348,0,,
,,,,,,,,,,,43.04765,-76.15525,0,,
,,,,,,,,,,,40.63234,-73.94857,0,,
,,,,,,,,,,,40.74803,-73.98925,0,,
,,,,,,,,,,,40.68831,-73.34044,0,,
,,,,,,,,,,,40.82229,-72.99688,0,,
,,,,,,,,,,,43.18782,-77.70101,0,,
,,,,,,,,,,,42.87174,-73.77414,1,(856) 874-1827,Y
,,,,,,,,,,,40.80692,-73.07295,1,(212) 967-0904,N
,,,,,,,,,,,40.96867,-73.71364,1,(914) 777-2013,N
,,,,,,,,,,,41.10169,-74.02578,1,(845) 446-0420,N
,,,,,,,,,,,40.67914,-73.8647,1,(718) 323-5944,N
,,,,,,,,,,,42.66535,-73.79054,1,,N
,,,,,,,,,,,41.50237,-74.0394,1,(845) 534-1371,Y
,,,,,,,,,,,43.31757,-76.41235,1,,Y
,,,,,,,,,,,42.9329,-78.75407,1,(716) 634-4382,N
,,,,,,,,,,,42.97035,-78.87054,1,,Y
,,,,,,,,,,,43.07462,-73.78755,1,,Y
,,,,,,,,,,,40.65831,-73.69519,1,,Y
,,,,,,,,,,,40.72989,-73.74523,1,(718) 776-8610,N
,,,,,,,,,,,40.76537,-73.81981,1,(718) 776-3494,N
,,,,,,,,,,,40.84481,-73.27626,1,,Y
,,,,,,,,,,,40.79891,-73.66323,1,(516) 627-1363,N
,,,,,,,,,,,42.68518,-73.79742,1,,Y
,,,,,,,,,,,42.0948,-76.00445,1,(607) 786-5774,Y
,,,,,,,,,,,42.79906,-73.9256,1,,Y
,,,,,,,,,,,42.09245,-76.80016,1,,Y
,,,,,,,,,,,43.19447,-77.61086,1,(585) 663-4592,Y
,,,,,,,,,,,40.9361,-73.74672,1,,N
,,,,,,,,,,,40.83758,-73.41194,1,,N
,,,,,,,,,,,42.73793,-73.76247,1,,Y
,,,,,,,,,,,42.67785,-73.82909,1,(978) 682-2747,N
,,,,,,,,,,,40.57197,-74.10825,1,(732) 625-8353,N
,,,,,,,,,,,40.64078,-73.6396,1,(516) 255-5582,N
,,,,,,,,,,,40.70035,-73.61583,1,,Y
,,,,,,,,,,,40.9949,-73.67394,1,(203) 322-3724,N
,,,,,,,,,,,41.06298,-73.94936,1,(201) 529-5343,N
,,,,,,,,,,,41.30508,-73.87924,1,(914) 528-6991,N
,,,,,,,,,,,43.04884,-76.152,1,,N
,,,,,,,,,,,41.42601,-73.57818,1,(203) 743-3008,N
,,,,,,,,,,,40.68048,-73.94891,1,(718) 788-1528,N
,,,,,,,,,,,42.99995,-78.19105,1,(585) 343-4550,N
,,,,,,,,,,,41.69623,-73.90345,1,,N
,,,,,,,,,,,41.59795,-73.9107,1,(845) 462-2803,N
,,,,,,,,,,,43.3273,-73.668,1,(518) 899-5622,Y
,,,,,,,,,,,40.87175,-73.32327,1,(631) 261-1666,N
,,,,,,,,,,,40.76678,-73.00158,1,(631) 654-2421,N
,,,,,,,,,,,43.97635,-75.94485,1,(315) 788-6651,Y
,,,,,,,,,,,41.5787,-73.81234,1,(845) 227-4261,N
,,,,,,,,,,,44.69727,-73.47685,1,(315) 853-3370,Y
,,,,,,,,,,,40.78674,-73.22079,1,,N
,,,,,,,,,,,40.95039,-73.7337,1,,N
,,,,,,,,,,,40.61264,-74.12926,1,,N
,,,,,,,,,,,40.87649,-72.52962,1,(631) 594-1928,N
,,,,,,,,,,,42.9096,-73.8994,1,,N
,,,,,,,,,,,43.08883,-78.98782,1,(716) 283-3713,Y
,,,,,,,,,,,40.76182,-73.32972,1,,N
,,,,,,,,,,,41.52666,-74.03397,1,(845) 534-1371,N
,,,,,,,,,,,40.93238,-72.67366,1,(516) 741-2894,N
,,,,,,,,,,,40.87051,-72.99711,1,,N
,,,,,,,,,,,40.81548,-73.19269,1,,Y
,,,,,,,,,,,42.71268,-73.81526,1,(978) 682-2747,N
,,,,,,,,,,,42.2545,-73.76735,1,,N
,,,,,,,,,,,40.7859,-73.00945,1,,N
,,,,,,,,,,,40.86589,-73.6325,1,(516) 759-0855,N
,,,,,,,,,,,42.871,-73.93141,1,(508) 730-1951,Y
,,,,,,,,,,,40.669,-73.60949,1,,N
,,,,,,,,,,,40.85704,-73.20429,1,,Y
,,,,,,,,,,,40.82853,-73.42474,1,,N
,,,,,,,,,,,40.70533,-73.65679,1,,N
,,,,,,,,,,,41.20632,-73.98404,1,(845) 786-7463,N
,,,,,,,,,,,40.69237,-73.47886,1,,N
,,,,,,,,,,,40.6837,-73.35364,1,(631) 841-5497,N
,,,,,,,,,,,40.63731,-73.9111,1,,N
,,,,,,,,,,,40.92304,-73.04908,1,(631) 246-8601,N
,,,,,,,,,,,40.66421,-73.52211,1,,N
,,,,,,,,,,,40.77647,-73.47079,1,(516) 935-0205,N
,,,,,,,,,,,40.72801,-73.22985,1,(631) 444-0183,N
,,,,,,,,,,,41.21437,-73.72028,1,(914) 241-2841,N
,,,,,,,,,,,41.74264,-74.07024,1,(845) 469-3639,N
,,,,,,,,,,,40.70765,-73.37123,1,,Y
,,,,,,,,,,,41.67101,-74.67207,1,,Y
,,,,,,,,,,,40.78127,-73.53307,1,,N
,,,,,,,,,,,40.76098,-73.76236,1,(718) 224-1704,Y
,,,,,,,,,,,41.66508,-73.92962,1,(845) 462-4889,N
,,,,,,,,,,,40.79994,-72.86588,1,,N
,,,,,,,,,,,40.72866,-73.44797,1,,Y
,,,,,,,,,,,40.78916,-73.4157,1,(631) 206-0389,N
,,,,,,,,,,,40.73614,-73.71261,1,(718) 423-9224,N
,,,,,,,,,,,40.72304,-73.79951,1,,N
,,,,,,,,,,,40.72019,-73.76209,1,,N
,,,,,,,,,,,40.62395,-73.73522,1,(516) 239-3498,N
,,,,,,,,,,,43.23048,-75.4396,1,(978) 682-2747,Y
,,,,,,,,,,,40.75223,-73.70087,1,,N
,,,,,,,,,,,40.78594,-73.83621,1,(718) 539-0019,N
,,,,,,,,,,,42.67958,-74.4646,1,,Y
,,,,,,,,,,,41.03119,-73.76631,1,(914) 288-0279,N
,,,,,,,,,,,40.87186,-73.42763,1,,N
,,,,,,,,,,,40.74895,-73.89026,1,,N
,,,,,,,,,,,42.45539,-75.09631,1,,Y
,,,,,,,,,,,43.0486,-76.22923,1,(978) 682-2747,N
,,,,,,,,,,,41.15561,-74.19337,1,(201) 934-9006,N
,,,,,,,,,,,40.6772,-73.45479,1,(516) 781-8031,N
,,,,,,,,,,,40.75249,-73.92109,1,,N
,,,,,,,,,,,42.14022,-77.04054,1,,Y
,,,,,,,,,,,43.14549,-76.12645,1,(207) 797-4300,Y
,,,,,,,,,,,40.65215,-73.83852,1,(718) 925-0745,N
,,,,,,,,,,,40.811,-73.95227,1,(212) 862-7945,N
,,,,,,,,,,,40.65383,-73.55763,1,,N
,,,,,,,,,,,41.0527,-73.81467,1,(914) 347-5671,N
,,,,,,,,,,,40.54281,-74.2065,1,,N
,,,,,,,,,,,40.71267,-73.90677,1,,N
,,,,,,,,,,,42.93298,-76.56351,1,(978) 682-2747,N
,,,,,,,,,,,40.72457,-73.55992,1,,N
,,,,,,,,,,,41.27356,-73.78282,1,,N
,,,,,,,,,,,43.13997,-76.2275,1,(978) 682-2747,Y
,,,,,,,,,,,42.10315,-76.26316,1,(607) 687-0356,N
,,,,,,,,,,,40.74966,-73.64026,1,,Y
,,,,,,,,,,,42.94413,-76.55148,1,(978) 682-2747,Y
,,,,,,,,,,,40.73944,-73.81562,1,,N
,,,,,,,,,,,40.74342,-73.65722,1,,N
,,,,,,,,,,,42.698,-73.89004,1,(978) 682-2747,N
,,,,,,,,,,,40.69053,-73.72417,1,(516) 341-7241,N
,,,,,,,,,,,40.60491,-73.97652,1,(718) 832-0844,N
,,,,,,,,,,,40.71584,-73.5986,1,(516) 485-0787,N
,,,,,,,,,,,40.65086,-73.89006,1,,N
,,,,,,,,,,,40.70825,-73.71922,1,,N
,,,,,,,,,,,40.83411,-73.85155,1,,N
,,,,,,,,,,,40.62267,-73.93736,1,,N
,,,,,,,,,,,40.70155,-73.94244,1,(719) 335-0486,N
,,,,,,,,,,,42.65265,-73.76779,1,,N
,,,,,,,,,,,40.61721,-74.03022,1,(718) 998-2633,N
,,,,,,,,,,,40.59601,-73.98448,1,(718) 996-0928,Y
,,,,,,,,,,,40.65676,-73.58074,1,(516) 546-5125,N
,,,,,,,,,,,40.60864,-73.95843,1,,N
,,,,,,,,,,,40.72147,-73.90383,1,(718) 366-8259,Y
,,,,,,,,,,,42.76942,-73.89321,1,(978) 682-2747,Y
,,,,,,,,,,,42.09926,-76.04636,1,,N
,,,,,,,,,,,40.68104,-73.84506,1,,N
,,,,,,,,,,,40.72297,-73.8675,1,,N
,,,,,,,,,,,40.57806,-73.9602,1,,N
,,,,,,,,,,,40.6718,-73.99698,1,(718) 840-0446,N
,,,,,,,,,,,42.62714,-73.81876,1,,N
,,,,,,,,,,,40.8857,-73.82829,1,,Y
,,,,,,,,,,,40.65503,-73.66988,1,,N
,,,,,,,,,,,42.65715,-73.80295,1,,N
,,,,,,,,,,,40.76733,-73.73916,1,(718) 335-0486,Y
,,,,,,,,,,,41.45441,-74.05779,1,(845) 534-1371,N
,,,,,,,,,,,42.69991,-73.68943,1,,Y
,,,,,,,,,,,42.82408,-73.95981,1,,N
,,,,,,,,,,,40.75425,-73.89585,1,,N
,,,,,,,,,,,41.98656,-73.88163,1,(845) 338-3623,Y
,,,,,,,,,,,40.70466,-73.63716,1,,N
,,,,,,,,,,,40.62601,-74.13449,1,,N
,,,,,,,,,,,43.0794,-76.08868,1,,Y
,,,,,,,,,,,42.78019,-73.95718,1,(518) 355-3406,N
,,,,,,,,,,,40.73305,-73.26384,1,,N
,,,,,,,,,,,40.68956,-73.84247,1,(718) 297-5740,N
,,,,,,,,,,,42.77386,-73.69813,1,(978) 682-2747,Y
,,,,,,,,,,,40.75044,-73.97171,1,(212) 599-1100,N
,,,,,,,,,,,43.23679,-77.64729,1,(585) 663-4592,Y
,,,,,,,,,,,41.09428,-73.95404,1,(845) 358-0669,Y
,,,,,,,,,,,40.69208,-73.68404,1,,Y
,,,,,,,,,,,43.12094,-77.619,1,(585) 242-9410,N
,,,,,,,,,,,43.1491,-77.598,1,,Y
,,,,,,,,,,,40.75612,-73.83382,1,,N
,,,,,,,,,,,42.16139,-75.89392,1,,Y
,,,,,,,,,,,43.29144,-73.63666,1,,Y
,,,,,,,,,,,41.42954,-74.42543,1,,Y
,,,,,,,,,,,40.77574,-73.91032,1,(718) 274-3168,N
,,,,,,,,,,,40.63242,-73.9472,1,,N
,,,,,,,,,,,40.76089,-73.92271,1,,N
,,,,,,,,,,,40.70728,-73.80249,1,(718) 526-4821,N
,,,,,,,,,,,40.7143,-73.42738,1,,Y
,,,,,,,,,,,40.60467,-73.99875,1,,N
,,,,,,,,,,,40.9547,-73.86544,1,,N
,,,,,,,,,,,40.71297,-74.0071,1,(212) 732-0206,N
,,,,,,,,,,,40.71599,-74.00498,1,(212) 577-7510,N
,,,,,,,,,,,41.35842,-74.68377,1,(845) 856-5151,Y
,,,,,,,,,,,43.46073,-76.49038,1,,Y
,,,,,,,,,,,40.76968,-73.83458,1,(718) 321-0166,N
,,,,,,,,,,,40.87064,-73.85603,1,(718) 231-7756,Y
,,,,,,,,,,,40.7261,-73.89496,1,,N
,,,,,,,,,,,40.62508,-73.96197,1,,N
,,,,,,,,,,,40.62216,-74.02556,1,,N
,,,,,,,,,,,42.83716,-73.93496,1,,Y
,,,,,,,,,,,40.70043,-73.90563,1,,N
,,,,,,,,,,,41.35907,-74.28262,1,(845) 469-3639,N
,,,,,,,,,,,40.78776,-73.72637,1,,N
,,,,,,,,,,,40.69215,-73.99133,1,(718) 788-1528,N
,,,,,,,,,,,42.65094,-73.75169,1,(978) 682-2747,N
,,,,,,,,,,,40.69247,-73.86043,1,,N
,,,,,,,,,,,40.71068,-73.79261,1,,N
,,,,,,,,,,,40.63182,-73.88837,1,,N
,,,,,,,,,,,41.39725,-74.33349,1,(845) 469-3639,N
,,,,,,,,,,,40.70797,-73.83083,1,,N
,,,,,,,,,,,42.80486,-73.90445,1,,N
,,,,,,,,,,,40.73753,-73.99651,1,,N
,,,,,,,,,,,41.06381,-74.0125,1,(201) 847-1035,N
,,,,,,,,,,,41.93352,-74.01972,1,(845) 338-3632,N
,,,,,,,,,,,40.70891,-73.81843,1,,N
,,,,,,,,,,,40.58935,-73.66328,1,,N
,,,,,,,,,,,40.81125,-73.25677,1,,N
,,,,,,,,,,,41.72486,-74.38915,1,,N
,,,,,,,,,,,40.83076,-73.68732,1,(631) 261-1666,N
,,,,,,,,,,,40.94588,-73.06862,1,,N
,,,,,,,,,,,43.01596,-74.80412,1,,N
,,,,,,,,,,,42.95919,-76.91766,1,,N
,,,,,,,,,,,41.16221,-74.1542,1,(845) 753-2411,N
,,,,,,,,,,,40.80738,-73.62682,1,,N
,,,,,,,,,,,40.8601,-73.53502,1,(516) 922-5276,N
,,,,,,,,,,,40.67516,-73.55708,1,,N
,,,,,,,,,,,40.67232,-73.50881,1,(516) 781-8031,N
,,,,,,,,,,,40.71786,-73.7367,1,,N
,,,,,,,,,,,40.83872,-73.2947,1,,N
,,,,,,,,,,,40.67929,-73.76114,1,(718) 527-4653,N
,,,,,,,,,,,41.78378,-74.71943,1,,N
,,,,,,,,,,,42.21491,-73.87802,1,,N
,,,,,,,,,,,43.01115,-73.84953,1,,N
,,,,,,,,,,,40.92369,-73.788,1,,N
,,,,,,,,,,,40.67942,-73.88035,1,(201) 543-5583,N
,,,,,,,,,,,41.33352,-74.19289,1,(201) 529-5343,N
,,,,,,,,,,,40.73219,-73.98157,1,,N
,,,,,,,,,,,42.4575,-75.05602,1,,N
,,,,,,,,,,,40.74663,-73.98596,1,,N
,,,,,,,,,,,40.73006,-73.95411,1,,N
,,,,,,,,,,,40.61724,-73.90972,1,,N
,,,,,,,,,,,40.80851,-73.10631,1,,N
,,,,,,,,,,,40.6684,-73.99382,1,(718) 788-1528,Y
,,,,,,,,,,,40.58247,-73.95978,1,(718) 646-4705,N
,,,,,,,,,,,41.29366,-73.67577,1,(914) 232-0920,N
,,,,,,,,,,,41.05817,-73.7662,1,(914) 644-8216,N
,,,,,,,,,,,42.90596,-76.82549,1,(978) 682-2747,Y
,,,,,,,,,,,41.51007,-73.95287,1,(845) 838-6712,N
,,,,,,,,,,,40.78824,-73.81348,1,,N
,,,,,,,,,,,40.84905,-73.93367,1,,N
,,,,,,,,,,,40.77045,-73.91806,1,,N
,,,,,,,,,,,43.04709,-77.08968,1,,Y
,,,,,,,,,,,40.83206,-73.19553,1,,N
,,,,,,,,,,,42.47349,-73.8189,1,,N
,,,,,,,,,,,40.75954,-73.83063,1,(718) 658-6932,N
,,,,,,,,,,,42.70346,-74.31099,1,,Y
,,,,,,,,,,,43.0522,-78.87709,1,(716) 695-3654,Y
,,,,,,,,,,,40.75428,-73.11785,1,(631) 451-7367,N
,,,,,,,,,,,40.82288,-73.94147,1,(212) 862-7945,N
,,,,,,,,,,,41.33759,-74.35915,1,,Y
,,,,,,,,,,,41.84407,-74.14771,1,,N
,,,,,,,,,,,40.72556,-73.48715,1,,N
,,,,,,,,,,,40.68365,-73.41731,1,,N
,,,,,,,,,,,40.73149,-73.19179,1,,N
,,,,,,,,,,,40.75474,-73.65019,1,,N
,,,,,,,,,,,40.84102,-73.63491,1,,N
,,,,,,,,,,,42.90262,-73.68874,1,,Y
,,,,,,,,,,,40.69091,-73.92432,1,(718) 453-9850,N
,,,,,,,,,,,40.74578,-73.90346,1,,N
,,,,,,,,,,,40.77221,-73.64923,1,(718) 363-0205,N
,,,,,,,,,,,40.76351,-73.78631,1,,N
,,,,,,,,,,,40.87666,-73.8632,1,,N
,,,,,,,,,,,40.97467,-73.83295,1,,N
,,,,,,,,,,,41.01407,-73.84512,1,(914) 347-5671,N
,,,,,,,,,,,41.01241,-73.85078,1,(914) 674-8552,N
,,,,,,,,,,,40.72515,-73.63507,1,,N
,,,,,,,,,,,40.89699,-73.80415,1,(914) 347-5671,N
,,,,,,,,,,,41.74437,-73.82439,1,(845) 462-2803,N
,,,,,,,,,,,41.37057,-73.96513,1,(845) 534-1371,N
,,,,,,,,,,,40.73649,-73.8576,1,,N
,,,,,,,,,,,41.92883,-74.00316,1,(845) 340-8507,N
,,,,,,,,,,,40.86225,-73.05956,1,,N
,,,,,,,,,,,40.7922,-73.81249,1,(718) 352-0990,N
,,,,,,,,,,,42.64193,-73.74387,1,(978) 682-2747,Y
,,,,,,,,,,,40.85051,-73.93726,1,(212) 927-0875,N
,,,,,,,,,,,40.6585,-73.93146,1,,N
,,,,,,,,,,,40.84253,-73.84579,1,(718) 231-7756,N
,,,,,,,,,,,43.28519,-73.58627,1,,Y
,,,,,,,,,,,40.91812,-73.76768,1,(914) 337-9050,N
,,,,,,,,,,,43.56192,-76.12628,1,,Y
,,,,,,,,,,,43.10334,-73.51713,1,,Y
,,,,,,,,,,,40.75644,-73.92959,1,,N
,,,,,,,,,,,41.02073,-73.75769,1,(914) 288-0569,N
,,,,,,,,,,,41.45298,-74.36821,1,(845) 692-0828,N
,,,,,,,,,,,41.0375,-73.76011,1,(914) 288-0549,N
,,,,,,,,,,,40.7111,-73.85535,1,,N
,,,,,,,,,,,40.74252,-73.98067,1,(719) 832-0844,N
,,,,,,,,,,,41.32211,-74.12392,1,(201) 529-5343,N
,,,,,,,,,,,41.14629,-73.93391,1,(201) 934-9006,N
,,,,,,,,,,,41.29108,-73.83215,1,,Y
,,,,,,,,,,,40.71309,-73.87699,1,,N
,,,,,,,,,,,40.65872,-73.64786,1,(516) 255-5582,N
,,,,,,,,,,,40.63423,-74.02052,1,,N
,,,,,,,,,,,40.83304,-73.03878,1,,N
,,,,,,,,,,,40.60748,-74.00211,1,,N
,,,,,,,,,,,41.54295,-73.86649,1,(845) 227-4261,N
,,,,,,,,,,,40.80336,-73.21282,1,,N
,,,,,,,,,,,40.71435,-73.80709,1,(718) 297-8857,Y
,,,,,,,,,,,40.78125,-73.24742,1,,N
,,,,,,,,,,,40.69892,-73.91807,1,(718) 418-0738,N
,,,,,,,,,,,40.74348,-73.91893,1,,N
,,,,,,,,,,,40.76441,-73.93305,1,,N
,,,,,,,,,,,40.90871,-73.87493,1,(914) 966-0130,N
,,,,,,,,,,,40.83517,-73.86089,1,(718) 931-7960,N
,,,,,,,,,,,40.9917,-73.66927,1,(203) 322-3724,N
,,,,,,,,,,,41.13239,-73.79458,1,(914) 773-7074,N
,,,,,,,,,,,40.71458,-73.57301,1,,N
,,,,,,,,,,,40.70053,-73.89678,1,,N
,,,,,,,,,,,40.73899,-73.2931,1,(631) 254-9097,N
,,,,,,,,,,,40.76265,-73.91581,1,,N
,,,,,,,,,,,40.71298,-73.82845,1,,N
,,,,,,,,,,,43.01517,-74.36156,1,,Y
,,,,,,,,,,,42.76455,-74.11891,1,,Y
,,,,,,,,,,,41.15775,-73.77333,1,,N
,,,,,,,,,,,40.61995,-73.9892,1,,N
,,,,,,,,,,,40.79774,-73.6999,1,,N
,,,,,,,,,,,40.60838,-73.95728,1,,N
,,,,,,,,,,,43.11848,-76.1431,1,(315) 701-4975,Y
,,,,,,,,,,,40.84639,-73.83163,1,,N
,,,,,,,,,,,43.15891,-76.32839,1,(315) 635-6610,Y
,,,,,,,,,,,43.07668,-76.16933,1,(315) 701-0432,Y
,,,,,,,,,,,40.89357,-73.3365,1,(631) 261-1666,N
,,,,,,,,,,,40.63386,-74.02671,1,,N
,,,,,,,,,,,41.52016,-74.06918,1,,Y
,,,,,,,,,,,40.75728,-73.5105,1,(516) 933-8407,N
,,,,,,,,,,,40.6925,-73.86034,1,(718) 574-4539,N
,,,,,,,,,,,40.72085,-73.85506,1,,N
,,,,,,,,,,,42.80018,-77.78138,1,,Y
,,,,,,,,,,,42.86594,-77.71262,1,,Y
,,,,,,,,,,,43.06068,-76.06568,1,(315) 701-0740,Y
,,,,,,,,,,,40.75827,-73.54293,1,,Y
,,,,,,,,,,,42.6546,-73.75913,1,(978) 682-2747,N
,,,,,,,,,,,40.74822,-73.87711,1,,N
,,,,,,,,,,,43.30116,-73.6654,1,,Y
,,,,,,,,,,,42.68966,-73.81992,1,,Y
,,,,,,,,,,,40.71273,-73.78394,1,(718) 658-6932,N
,,,,,,,,,,,40.95333,-73.84345,1,(914) 771-5105,N
,,,,,,,,,,,40.84242,-73.70786,1,(631) 261-1666,N
,,,,,,,,,,,40.81772,-73.41174,1,,N
,,,,,,,,,,,40.85481,-73.8675,1,(718) 792-3801,N
,,,,,,,,,,,43.0522,-75.37434,1,,Y
,,,,,,,,,,,43.07854,-75.64572,1,,Y
,,,,,,,,,,,41.43379,-74.03931,1,(845) 534-1371,N
,,,,,,,,,,,41.45614,-74.38593,1,,N
,,,,,,,,,,,40.86331,-73.83435,1,(718) 320-4064,Y
,,,,,,,,,,,40.91265,-73.83699,1,(914) 663-6958,N
,,,,,,,,,,,42.05875,-76.13978,1,(607) 625-4866,Y
,,,,,,,,,,,43.12652,-75.23708,1,,Y
,,,,,,,,,,,43.07978,-73.80354,1,,Y
,,,,,,,,,,,40.7688,-73.77406,1,,N
,,,,,,,,,,,40.78115,-73.77604,1,,N
,,,,,,,,,,,40.74827,-73.75832,1,,N
,,,,,,,,,,,40.65918,-73.89065,1,,N
,,,,,,,,,,,40.66969,-73.95573,1,,N
,,,,,,,,,,,40.64769,-73.97162,1,,N
,,,,,,,,,,,40.82643,-73.82216,1,(718) 892-4917,N
,,,,,,,,,,,42.73357,-73.84898,1,(978) 682-2747,Y
,,,,,,,,,,,40.81362,-73.95614,1,(212) 866-4413,N
,,,,,,,,,,,40.73209,-73.68824,1,,N
,,,,,,,,,,,42.73896,-73.67739,1,,Y
,,,,,,,,,,,44.67959,-73.45143,1,(315) 853-3370,Y
,,,,,,,,,,,40.7046,-73.81602,1,,N
,,,,,,,,,,,40.89837,-73.85453,1,(914) 663-6958,N
,,,,,,,,,,,40.86731,-73.89719,1,(973) 742-2788,N
,,,,,,,,,,,44.57799,-73.50844,1,,Y
,,,,,,,,,,,42.7814,-74.02878,1,,Y
,,,,,,,,,,,42.6974,-73.64618,1,,Y
,,,,,,,,,,,40.92051,-73.86126,1,,N
,,,,,,,,,,,40.55942,-74.19773,1,,N
,,,,,,,,,,,40.90523,-73.85797,1,(914) 237-2354,N
,,,,,,,,,,,40.92804,-73.84208,1,(914) 779-1402,N
,,,,,,,,,,,43.01031,-76.14196,1,(978) 682-2747,Y
,,,,,,,,,,,40.76216,-73.86901,1,,N
,,,,,,,,,,,40.7445,-73.98597,1,(212) 532-0297,N
,,,,,,,,,,,40.75367,-73.99242,1,,N
,,,,,,,,,,,42.27188,-73.72387,1,,Y
,,,,,,,,,,,41.0608,-73.81502,1,,N
,,,,,,,,,,,40.59824,-73.99728,1,,N
,,,,,,,,,,,40.78237,-73.8035,1,,N
,,,,,,,,,,,40.7041,-73.91854,1,(718) 418-2093,N
,,,,,,,,,,,40.90088,-73.81966,1,,N
,,,,,,,,,,,43.06926,-76.1059,1,(315) 432-9276,Y
,,,,,,,,,,,40.66051,-73.99759,1,(718) 832-0844,Y
,,,,,,,,,,,43.45297,-76.53061,1,,Y
,,,,,,,,,,,40.66676,-73.48401,1,,N
,,,,,,,,,,,40.95602,-73.81269,1,(914) 779-8185,N
,,,,,,,,,,,40.65387,-73.63242,1,(516) 255-5582,Y
,,,,,,,,,,,42.97035,-73.79479,1,,Y
,,,,,,,,,,,42.76395,-73.80243,1,,Y
,,,,,,,,,,,41.20164,-73.88495,1,,N
,,,,,,,,,,,41.51497,-74.20814,1,(845) 943-5954,Y
,,,,,,,,,,,41.15027,-73.988,1,(845) 624-0208,N
,,,,,,,,,,,42.68223,-73.73205,1,,Y
,,,,,,,,,,,43.00521,-76.17822,1,(978) 682-2747,Y
,,,,,,,,,,,40.62876,-74.11491,1,(718) 818-9934,Y
,,,,,,,,,,,40.61527,-74.06679,1,(908) 668-1406,N
,,,,,,,,,,,40.88126,-73.83863,1,,N
,,,,,,,,,,,44.84777,-74.31018,1,,Y
,,,,,,,,,,,41.53834,-73.90117,1,(845) 462-2803,Y
,,,,,,,,,,,40.69192,-73.52759,1,,Y
,,,,,,,,,,,40.57554,-73.99715,1,,N
,,,,,,,,,,,40.86558,-73.86715,1,(718) 605-3954,N
,,,,,,,,,,,43.23222,-76.14046,1,(315) 676-2376,Y
,,,,,,,,,,,43.28681,-76.13055,1,(315) 676-4031,Y
,,,,,,,,,,,43.08969,-76.09138,1,(315) 701-0425,Y
,,,,,,,,,,,42.72025,-73.83629,1,(978) 682-2747,Y
,,,,,,,,,,,42.93771,-74.17966,1,,Y
,,,,,,,,,,,42.70541,-73.77631,1,(978) 682-2747,Y
,,,,,,,,,,,41.5164,-73.59145,1,,Y
,,,,,,,,,,,40.70195,-73.80825,1,(718) 526-6064,N
,,,,,,,,,,,40.58929,-74.19404,1,(9) 086-6814,Y
,,,,,,,,,,,43.32398,-76.42302,1,,Y
,,,,,,,,,,,40.69346,-73.85272,1,,N
,,,,,,,,,,,41.94516,-73.99631,1,(845) 338-3623,Y
,,,,,,,,,,,43.19699,-77.49886,1,(858) 671-6299,Y
,,,,,,,,,,,43.21389,-77.43036,1,,Y
,,,,,,,,,,,40.68575,-73.8263,1,,N
,,,,,,,,,,,43.10498,-76.05843,1,(315) 701-1321,Y
,,,,,,,,,,,42.8611,-73.88874,1,,Y
,,,,,,,,,,,40.65499,-73.90738,1,,N
,,,,,,,,,,,43.17864,-77.63182,1,(585) 254-4914,Y
,,,,,,,,,,,43.13391,-77.44199,1,(585) 421-8009,Y
,,,,,,,,,,,43.09122,-76.17014,1,(315) 451-7618,Y
,,,,,,,,,,,40.6745,-73.80473,1,(718) 845-9873,Y
,,,,,,,,,,,40.89012,-73.89838,1,(914) 779-2379,N
,,,,,,,,,,,43.18579,-76.22365,1,(315) 546-0395,Y
,,,,,,,,,,,42.10508,-75.93389,1,,Y
,,,,,,,,,,,42.64591,-73.69778,1,,Y
,,,,,,,,,,,43.12199,-76.15626,1,(315) 701-0141,Y
,,,,,,,,,,,40.80177,-73.94882,1,,N
,,,,,,,,,,,40.89106,-73.01387,1,,N
,,,,,,,,,,,40.66961,-73.39174,1,,N
,,,,,,,,,,,43.95974,-75.91372,1,(315) 779-8106,Y
,,,,,,,,,,,44.05003,-75.83522,1,(315) 629-1824,Y
,,,,,,,,,,,43.08736,-77.61195,1,,Y
,,,,,,,,,,,43.11536,-77.66313,1,(585) 235-5661,Y
,,,,,,,,,,,40.85256,-73.8273,1,(973) 742-2788,N
,,,,,,,,,,,40.58395,-74.09455,1,(718) 980-1375,N
,,,,,,,,,,,40.58754,-73.95434,1,(718) 332-9415,N
,,,,,,,,,,,40.66314,-73.9614,1,(212) 862-7946,N
,,,,,,,,,,,40.70683,-73.75141,1,,N
,,,,,,,,,,,40.66714,-73.78965,1,(718) 529-1829,N
,,,,,,,,,,,40.80464,-73.93707,1,(212) 202-4666,N
,,,,,,,,,,,40.8476,-73.91241,1,(718) 731-2213,Y
,,,,,,,,,,,40.87701,-73.90655,1,,Y
,,,,,,,,,,,40.76414,-73.95897,1,(212) 734-5704,N
,,,,,,,,,,,40.58115,-73.83817,1,,N
,,,,,,,,,,,40.70247,-73.81376,1,,Y
,,,,,,,,,,,40.55168,-74.14586,1,(908) 668-1406,N
,,,,,,,,,,,40.5419,-74.14598,1,(908) 668-1406,N
,,,,,,,,,,,40.66351,-73.54887,1,,Y
,,,,,,,,,,,40.53241,-74.19175,1,(908) 668-1406,N
,,,,,,,,,,,40.61636,-74.10387,1,,N
,,,,,,,,,,,43.10784,-75.22006,1,(978) 682-2747,Y
,,,,,,,,,,,43.0227,-74.99194,1,(978) 682-2747,Y
,,,,,,,,,,,43.01181,-78.82247,1,(716) 692-6680,Y
,,,,,,,,,,,44.69508,-73.51521,1,,Y
,,,,,,,,,,,40.84436,-73.89735,1,,Y
,,,,,,,,,,,40.74748,-73.756,1,,N
,,,,,,,,,,,40.86557,-73.85977,1,(718) 231-7756,N
,,,,,,,,,,,40.76892,-73.90622,1,,N
,,,,,,,,,,,40.76669,-73.92058,1,,N
,,,,,,,,,,,43.20943,-77.6013,1,(585) 342-2520,Y
,,,,,,,,,,,40.82435,-73.50224,1,,N
,,,,,,,,,,,43.16457,-77.64749,1,(585) 254-4914,Y
,,,,,,,,,,,40.64447,-73.593,1,(516) 377-5295,N
,,,,,,,,,,,40.6737,-73.79142,1,(718) 323-4844,N
,,,,,,,,,,,40.68666,-73.99062,1,(718) 406-0387,N
,,,,,,,,,,,40.63457,-74.01451,1,(718) 491-9012,N
,,,,,,,,,,,43.09687,-77.63148,1,,Y
,,,,,,,,,,,40.82502,-73.8997,1,(718) 231-7756,N
,,,,,,,,,,,44.92031,-74.88889,1,(315) 769-8873,Y
,,,,,,,,,,,40.8394,-73.27962,1,(631) 864-4259,N
,,,,,,,,,,,43.00459,-75.98228,1,(978) 682-2747,N
,,,,,,,,,,,40.77899,-73.56165,1,(516) 334-7352,Y
,,,,,,,,,,,40.716,-73.39313,1,,Y
,,,,,,,,,,,40.77575,-73.91032,1,,N
,,,,,,,,,,,41.62898,-73.69674,1,,Y
,,,,,,,,,,,41.2207,-74.0166,1,,N
,,,,,,,,,,,40.75736,-73.96964,1,,N
,,,,,,,,,,,40.80959,-73.2173,1,(212) 244-4342,Y
,,,,,,,,,,,40.71049,-73.77201,1,(718) 454-2758,Y
,,,,,,,,,,,40.82314,-72.99813,1,(212) 244-4342,N
,,,,,,,,,,,40.81245,-73.90478,1,(212) 862-7945,N
,,,,,,,,,,,40.85371,-73.90868,1,(718) 294-5781,N
,,,,,,,,,,,40.81054,-73.15843,1,(212) 244-4342,N
,,,,,,,,,,,43.21656,-77.44727,1,(585) 671-6299,Y
,,,,,,,,,,,41.3144,-74.1351,1,,Y
,,,,,,,,,,,40.84923,-73.88355,1,(718) 220-4258,N
,,,,,,,,,,,40.74401,-73.97655,1,(212) 532-6169,N
,,,,,,,,,,,42.84255,-73.74742,1,(978) 682-2747,Y
,,,,,,,,,,,40.59932,-73.9529,1,,N
,,,,,,,,,,,40.82347,-73.87394,1,(718) 893-2091,N
,,,,,,,,,,,41.25772,-73.93422,1,,N
,,,,,,,,,,,41.42133,-73.62964,1,,Y
,,,,,,,,,,,41.11578,-74.15192,1,(201) 529-5343,N
,,,,,,,,,,,40.62658,-74.16377,1,,Y
,,,,,,,,,,,40.67265,-73.91196,1,(718) 449-1195,N
,,,,,,,,,,,40.60683,-74.16263,1,(718) 370-1791,N
,,,,,,,,,,,42.85336,-73.34511,1,,Y
,,,,,,,,,,,40.7953,-73.9483,1,(212) 289-1286,N
,,,,,,,,,,,41.28183,-73.92623,1,(914) 788-9050,N
,,,,,,,,,,,41.16593,-73.85633,1,,N
,,,,,,,,,,,40.63535,-73.96802,1,(718) 998-2633,N
,,,,,,,,,,,41.94803,-73.90089,1,,N
,,,,,,,,,,,41.03868,-73.80843,1,(914) 592-5134,N
,,,,,,,,,,,41.03262,-73.75699,1,,N
,,,,,,,,,,,40.82678,-73.10921,1,(631) 981-0626,N
,,,,,,,,,,,42.08016,-73.95949,1,(845) 246-6420,Y
,,,,,,,,,,,43.31571,-73.60973,1,,Y
,,,,,,,,,,,40.67812,-73.89827,1,(718) 453-9850,N
,,,,,,,,,,,40.67688,-73.91608,1,(718) 342-5144,N
,,,,,,,,,,,40.74622,-73.99399,1,(212) 229-2742,N
,,,,,,,,,,,40.85378,-73.89142,1,(718) 220-3338,N
,,,,,,,,,,,40.7368,-73.31994,1,,N
,,,,,,,,,,,40.74949,-73.86975,1,(718) 575-0230,N
,,,,,,,,,,,40.52173,-74.21685,1,(718) 967-5862,N
,,,,,,,,,,,42.11687,-77.94111,1,(585) 593-4288,Y
,,,,,,,,,,,41.11233,-74.10428,1,(845) 504-5298,Y
,,,,,,,,,,,40.64516,-74.02135,1,(718) 743-6555,N
,,,,,,,,,,,40.8208,-73.93737,1,,N
,,,,,,,,,,,40.72189,-73.98473,1,,N
,,,,,,,,,,,42.78396,-73.91314,1,(978) 682-2747,Y
,,,,,,,,,,,40.62884,-74.0228,1,,N
,,,,,,,,,,,40.88078,-73.39697,1,,N
,,,,,,,,,,,40.70746,-73.83623,1,,N
,,,,,,,,,,,42.74607,-73.64169,1,,Y
,,,,,,,,,,,42.42735,-73.68845,1,(518) 758-9821,Y
,,,,,,,,,,,40.80803,-73.94575,1,(212) 368-3778,N
,,,,,,,,,,,40.65038,-73.94942,1,(718) 832-0844,N
,,,,,,,,,,,40.68817,-73.98056,1,,N
,,,,,,,,,,,40.7593,-73.98145,1,,N
,,,,,,,,,,,40.5602,-74.1636,1,(718) 948-5555,Y
,,,,,,,,,,,43.24238,-73.68288,1,,Y
,,,,,,,,,,,43.12933,-77.47778,1,,Y
,,,,,,,,,,,40.64368,-74.07737,1,,N
,,,,,,,,,,,40.7104,-74.00808,1,(516) 741-2894,N
,,,,,,,,,,,43.1485,-78.69734,1,(716) 433-4029,Y
,,,,,,,,,,,40.75485,-73.6249,1,(516) 739-2503,N
,,,,,,,,,,,40.65274,-73.92171,1,,Y
,,,,,,,,,,,40.72531,-73.55028,1,(516) 794-0402,N
,,,,,,,,,,,40.6679,-73.70525,1,(516) 256-7028,N
,,,,,,,,,,,40.74105,-73.49642,1,(631) 665-7866,N
,,,,,,,,,,,40.74567,-73.99837,1,(212) 229-2652,N
,,,,,,,,,,,41.53417,-73.89746,1,,Y
,,,,,,,,,,,40.67528,-73.86582,1,,N
,,,,,,,,,,,42.98477,-77.41485,1,,Y
,,,,,,,,,,,40.71382,-73.9012,1,,N
,,,,,,,,,,,40.68051,-73.75329,1,,N
,,,,,,,,,,,40.8485,-73.16681,1,(516) 935-0506,Y
,,,,,,,,,,,40.59655,-73.75462,1,,N
,,,,,,,,,,,42.98103,-78.85277,1,,Y
,,,,,,,,,,,40.70696,-73.897,1,,N
,,,,,,,,,,,40.74566,-73.71477,1,(718) 397-7162,N
,,,,,,,,,,,40.59657,-73.93359,1,,N
,,,,,,,,,,,40.78124,-73.94916,1,,N
,,,,,,,,,,,40.8292,-73.87611,1,(212) 564-2384,N
,,,,,,,,,,,40.72701,-73.90678,1,(212) 244-4342,N
,,,,,,,,,,,42.65648,-77.05606,1,,Y
,,,,,,,,,,,42.55149,-73.67435,1,,Y
,,,,,,,,,,,42.57967,-73.68086,1,,Y
,,,,,,,,,,,43.06474,-77.31878,1,(315) 986-5946,Y
,,,,,,,,,,,40.83475,-73.38223,1,(631) 673-5287,N
,,,,,,,,,,,43.14611,-77.56,1,,Y
,,,,,,,,,,,40.77085,-73.49438,1,(516) 433-8129,N
,,,,,,,,,,,40.82446,-73.90923,1,(718) 402-6701,N
,,,,,,,,,,,43.04166,-76.13676,1,(978) 682-2747,N
,,,,,,,,,,,40.73364,-74.00304,1,,N
,,,,,,,,,,,42.75439,-73.77245,1,(978) 682-2747,Y
,,,,,,,,,,,40.9693,-73.88292,1,(914) 375-0010,N
,,,,,,,,,,,40.56471,-74.12776,1,,N
,,,,,,,,,,,40.63522,-73.96249,1,(718) 421-4966,N
,,,,,,,,,,,40.75973,-73.96515,1,(212) 838-8831,N
,,,,,,,,,,,40.78652,-73.50293,1,(515) 932-8072,N
,,,,,,,,,,,40.97927,-73.83062,1,(775) 599-0920,N
,,,,,,,,,,,40.94584,-73.88253,1,(914) 969-5700,N
,,,,,,,,,,,40.63719,-74.12756,1,,N
,,,,,,,,,,,43.04901,-75.90244,1,(315) 687-7700,Y
,,,,,,,,,,,40.70215,-73.88068,1,(718) 392-8772,N
,,,,,,,,,,,42.72329,-73.80138,1,(978) 682-2747,Y
,,,,,,,,,,,40.71511,-73.83273,1,,N
,,,,,,,,,,,40.76401,-73.77133,1,(718) 335-0486,N
,,,,,,,,,,,40.74012,-73.97889,1,(646) 489-8050,N
,,,,,,,,,,,40.72725,-74.00559,1,(212) 914-7062,N
,,,,,,,,,,,40.64621,-73.90333,1,(718) 257-6591,N
,,,,,,,,,,,40.80596,-72.84603,1,,N
,,,,,,,,,,,40.73759,-73.79596,1,(718) 397-7162,Y
,,,,,,,,,,,40.86239,-73.84366,1,(973) 663-0966,N
,,,,,,,,,,,40.85547,-73.79137,1,(718) 885-3057,N
,,,,,,,,,,,40.77038,-73.95716,1,(212) 737-4957,N
,,,,,,,,,,,43.09021,-75.75124,1,(315) 697-7160,Y
,,,,,,,,,,,40.59359,-73.94038,1,(718) 743-6555,N
,,,,,,,,,,,40.68436,-73.97866,1,,N
,,,,,,,,,,,40.66908,-73.9865,1,(718) 238-9753,N
,,,,,,,,,,,40.82441,-73.89211,1,(718) 842-3886,N
,,,,,,,,,,,40.61785,-73.95968,1,(718) 449-1195,N
,,,,,,,,,,,42.7703,-73.82152,1,(978) 682-2747,Y
,,,,,,,,,,,40.66163,-73.92036,1,,N
,,,,,,,,,,,40.83556,-73.92098,1,(718) 992-9677,N
,,,,,,,,,,,43.1232,-73.76861,1,,Y
,,,,,,,,,,,43.10006,-73.7485,1,,Y
,,,,,,,,,,,42.95276,-78.69765,1,(716) 634-2306,Y
,,,,,,,,,,,40.71832,-73.9869,1,,N
,,,,,,,,,,,42.6205,-73.7021,1,(978) 682-2747,Y
,,,,,,,,,,,40.6557,-74.00577,1,(718) 832-0844,Y
,,,,,,,,,,,42.80287,-73.95602,1,(518) 346-2489,Y
,,,,,,,,,,,40.85933,-73.62056,1,(516) 674-6757,N
,,,,,,,,,,,40.74657,-73.89079,1,,N
,,,,,,,,,,,40.71415,-74.00866,1,,N
,,,,,,,,,,,41.3916,-73.72352,1,(845) 628-4060,Y
,,,,,,,,,,,44.31144,-74.11667,1,,Y
,,,,,,,,,,,41.32137,-73.85593,1,(914) 526-5561,N
,,,,,,,,,,,40.80445,-73.92218,1,(978) 215-5651,Y
,,,,,,,,,,,40.7305,-73.98328,1,(212) 475-5900,N
,,,,,,,,,,,42.5684,-77.71767,1,,Y
,,,,,,,,,,,40.78573,-73.64909,1,,N
,,,,,,,,,,,40.86588,-73.3641,1,,N
,,,,,,,,,,,40.7421,-73.85413,1,,N
,,,,,,,,,,,40.76749,-73.98968,1,(212) 600-4147,N
,,,,,,,,,,,41.45447,-74.05785,1,,N
,,,,,,,,,,,40.73994,-73.98537,1,,N
,,,,,,,,,,,40.78773,-73.95359,1,(646) 444-2474,N
,,,,,,,,,,,40.69799,-73.62906,1,,Y
,,,,,,,,,,,40.74341,-73.92268,1,(718) 392-8772,N
,,,,,,,,,,,40.74853,-73.97321,1,(646) 489-8050,N
,,,,,,,,,,,40.85912,-73.89857,1,(718) 220-4829,N
,,,,,,,,,,,40.71106,-74.00658,1,(212) 766-6587,N
,,,,,,,,,,,41.7403,-73.91013,1,(845) 471-5455,N
,,,,,,,,,,,43.1325,-77.68826,1,(585) 621-6299,N
,,,,,,,,,,,43.02145,-74.99758,1,(978) 682-2747,N
,,,,,,,,,,,40.73434,-73.87085,1,,N
,,,,,,,,,,,40.86014,-73.11234,1,,N
,,,,,,,,,,,40.76529,-73.86182,1,,N
,,,,,,,,,,,40.76747,-73.86489,1,,N
,,,,,,,,,,,40.6835,-73.87302,1,(718) 453-9850,N
,,,,,,,,,,,43.77731,-75.48145,1,(315) 788-4857,Y
,,,,,,,,,,,40.83901,-73.9149,1,(845) 698-4017,N
,,,,,,,,,,,40.72935,-74.00715,1,,N
,,,,,,,,,,,40.85021,-73.8371,1,(866) 519-1973,Y
,,,,,,,,,,,40.84556,-73.83846,1,(866) 519-1973,Y
,,,,,,,,,,,40.83648,-73.94338,1,,N
,,,,,,,,,,,42.91216,-78.6972,1,(716) 681-0046,Y
,,,,,,,,,,,40.73357,-73.86972,1,,N
,,,,,,,,,,,40.68932,-73.70855,1,(516) 256-0231,N
,,,,,,,,,,,42.16048,-76.87856,1,,Y
,,,,,,,,,,,42.5094,-78.68821,1,,Y
,,,,,,,,,,,42.0754,-78.41152,1,,Y
,,,,,,,,,,,40.70622,-73.53602,1,,N
,,,,,,,,,,,40.88463,-73.26093,1,,N
,,,,,,,,,,,40.78197,-73.8383,1,(212) 244-4342,N
,,,,,,,,,,,40.80005,-73.96559,1,(212) 280-0648,N
,,,,,,,,,,,40.82832,-73.94877,1,(845) 698-4017,N
,,,,,,,,,,,42.73793,-73.76244,1,,N
,,,,,,,,,,,40.71474,-74.00784,1,(212) 619-1221,N
,,,,,,,,,,,40.75772,-73.96324,1,,N
,,,,,,,,,,,40.63901,-73.91927,1,,N
,,,,,,,,,,,40.82517,-72.9821,1,315-4937,Y
,,,,,,,,,,,41.30467,-73.88013,1,(914) 962-2191,N
,,,,,,,,,,,40.85487,-73.92979,1,(212) 568-1034,N
,,,,,,,,,,,44.59732,-75.14812,1,,Y
,,,,,,,,,,,40.76768,-73.52768,1,(516) 931-6888,N
,,,,,,,,,,,42.6421,-73.70012,1,(518) 439-6484,N
,,,,,,,,,,,42.60894,-73.79247,1,(978) 682-2747,N
,,,,,,,,,,,44.67922,-74.98669,1,,Y
,,,,,,,,,,,43.04787,-74.21773,1,(518) 382-3159,Y
,,,,,,,,,,,40.59673,-73.97672,1,(718) 449-1195,N
,,,,,,,,,,,40.74758,-73.98231,1,,N
,,,,,,,,,,,42.67594,-73.78517,1,(978) 682-2747,Y
,,,,,,,,,,,41.09332,-73.95444,1,(845) 353-1129,Y
,,,,,,,,,,,40.84524,-73.86626,1,(914) 663-6958,N
,,,,,,,,,,,41.42745,-74.16914,1,,Y
,,,,,,,,,,,41.11477,-74.11393,1,,N
,,,,,,,,,,,40.69007,-73.95163,1,,N
,,,,,,,,,,,40.70831,-73.68117,1,(516) 328-0193,N
,,,,,,,,,,,41.38004,-74.17406,1,(845) 782-8753,Y
,,,,,,,,,,,42.73106,-73.68914,1,,N
,,,,,,,,,,,40.7459,-73.24117,1,(631) 444-0183,N
,,,,,,,,,,,42.34979,-77.66894,1,,Y
,,,,,,,,,,,42.27827,-73.75085,1,,N
,,,,,,,,,,,42.90717,-78.75238,1,(716) 566-5166,N
,,,,,,,,,,,43.09879,-78.92676,1,(716) 407-3149,Y
,,,,,,,,,,,41.73433,-73.58044,1,(845) 224-9115,Y
,,,,,,,,,,,40.64006,-73.60446,1,(516) 377-5295,N
,,,,,,,,,,,41.06376,-73.77603,1,(914) 366-6405,N
,,,,,,,,,,,41.03341,-73.76479,1,,N
,,,,,,,,,,,43.12276,-76.21639,1,,Y
,,,,,,,,,,,41.65956,-73.84811,1,,Y
,,,,,,,,,,,40.73675,-73.86572,1,(718) 592-0941,N
,,,,,,,,,,,42.90782,-78.86725,1,(716) 566-5166,N
,,,,,,,,,,,40.75237,-73.91521,1,,N
,,,,,,,,,,,40.73993,-73.63526,1,(516) 873-6688,N
,,,,,,,,,,,42.85421,-74.0095,1,,Y
,,,,,,,,,,,40.74195,-73.13041,1,,N
,,,,,,,,,,,40.75137,-73.99754,1,,N
,,,,,,,,,,,42.12547,-75.97162,1,,Y
,,,,,,,,,,,40.76471,-73.45319,1,(516) 752-7521,N
,,,,,,,,,,,40.76255,-73.97681,1,(212) 245-4655,N
,,,,,,,,,,,40.7581,-73.58801,1,(516) 997-0174,N
,,,,,,,,,,,43.15115,-76.35135,1,(315) 635-7480,Y
,,,,,,,,,,,40.73571,-73.97949,1,(212) 228-8870,N
,,,,,,,,,,,40.86244,-73.92548,1,(212) 555-0262,N
,,,,,,,,,,,43.1629,-76.12022,1,(315) 699-0905,Y
,,,,,,,,,,,42.68453,-73.84792,1,(978) 682-2747,Y
,,,,,,,,,,,43.12891,-77.56716,1,,N
,,,,,,,,,,,40.77439,-73.87316,1,(718) 457-5376,N
,,,,,,,,,,,42.5772,-76.21492,1,(607) 622-0788,Y
,,,,,,,,,,,40.6246,-73.99975,1,,N
,,,,,,,,,,,40.77104,-73.52699,1,(516) 932-5057,N
,,,,,,,,,,,40.64903,-73.96383,1,,N
,,,,,,,,,,,40.62477,-74.14816,1,(718) 227-6716,N
,,,,,,,,,,,42.99354,-73.85065,1,,Y
,,,,,,,,,,,42.05452,-73.95597,1,,Y
,,,,,,,,,,,42.94876,-74.35819,1,,Y
,,,,,,,,,,,43.09759,-78.97556,1,,N
,,,,,,,,,,,40.74683,-73.53368,1,,N
,,,,,,,,,,,40.83538,-73.6224,1,,N
,,,,,,,,,,,40.78335,-72.86469,1,,N
,,,,,,,,,,,41.29859,-73.93644,1,(914) 734-1629,N
,,,,,,,,,,,40.84689,-73.84422,1,(914) 337-0950,N
,,,,,,,,,,,40.8621,-73.89358,1,(718) 842-3883,N
,,,,,,,,,,,43.09588,-75.2427,1,(978) 682-2747,Y
,,,,,,,,,,,40.78029,-73.11041,1,,N
,,,,,,,,,,,40.71577,-73.66102,1,(516) 481-4656,N
,,,,,,,,,,,41.96926,-73.98931,1,(845) 336-5241,Y
,,,,,,,,,,,40.7985,-73.94101,1,,N
,,,,,,,,,,,40.61565,-73.99364,1,(718) 232-1552,N
,,,,,,,,,,,40.71475,-73.94431,1,(718) 384-7642,N
,,,,,,,,,,,40.70242,-73.79151,1,,N
,,,,,,,,,,,40.76651,-73.54127,1,(516) 932-3611,N
,,,,,,,,,,,41.49549,-74.02213,1,(845) 534-1371,Y
,,,,,,,,,,,40.61185,-74.1575,1,(718) 227-6716,N
,,,,,,,,,,,41.09951,-74.02071,1,(845) 215-5703,N
,,,,,,,,,,,40.58789,-74.16557,1,(718) 227-6716,N
,,,,,,,,,,,40.85794,-73.86748,1,(914) 663-6958,N
,,,,,,,,,,,40.81653,-73.8922,1,(718) 861-4172,N
,,,,,,,,,,,42.73045,-73.7034,1,,Y
,,,,,,,,,,,43.05495,-75.27709,1,(978) 682-2747,Y
,,,,,,,,,,,43.10715,-75.24448,1,(978) 682-2747,Y
,,,,,,,,,,,40.78309,-73.95303,1,(917) 779-9310,N
,,,,,,,,,,,40.72412,-73.95117,1,,N
,,,,,,,,,,,43.22468,-75.48601,1,(978) 682-2747,Y
,,,,,,,,,,,42.73431,-73.69646,1,,Y
,,,,,,,,,,,40.75832,-73.9707,1,,N
,,,,,,,,,,,40.61287,-73.92635,1,(718) 238-9753,N
,,,,,,,,,,,40.73281,-73.98639,1,(212) 532-6169,N
,,,,,,,,,,,42.76807,-78.62617,1,,N
,,,,,,,,,,,40.74773,-73.61802,1,(516) 741-8352,N
,,,,,,,,,,,40.72642,-73.98597,1,,N
,,,,,,,,,,,40.66937,-73.43198,1,(516) 804-8453,N
,,,,,,,,,,,42.78365,-73.65514,1,,Y
,,,,,,,,,,,40.86766,-73.92083,1,,N
,,,,,,,,,,,42.3749,-73.83131,1,,Y
,,,,,,,,,,,40.68045,-73.99667,1,(718) 797-3543,N
,,,,,,,,,,,40.79602,-73.93523,1,,N
,,,,,,,,,,,42.97202,-78.63914,1,,Y
,,,,,,,,,,,40.74785,-73.97637,1,(212) 867-8276,N
,,,,,,,,,,,40.83556,-73.06377,1,(631) 451-7367,N
,,,,,,,,,,,42.87786,-77.24106,1,,N
,,,,,,,,,,,40.75529,-73.98925,1,(212) 395-9282,N
,,,,,,,,,,,43.03609,-78.75027,1,(716) 625-9653,Y
,,,,,,,,,,,42.95954,-78.81438,1,(716) 446-9519,Y
,,,,,,,,,,,43.40458,-76.11938,1,,Y
,,,,,,,,,,,40.85865,-73.08812,1,(631) 313-2017,Y
,,,,,,,,,,,42.97977,-78.82233,1,(716) 862-3856,Y
,,,,,,,,,,,42.90931,-78.75385,1,(716) 651-0398,Y
,,,,,,,,,,,40.629,-73.94742,1,(718) 439-4258,N
,,,,,,,,,,,43.22385,-77.69657,1,,Y
,,,,,,,,,,,40.70621,-73.79213,1,(718) 526-3377,N
,,,,,,,,,,,41.5619,-74.18175,1,(845) 778-5736,N
,,,,,,,,,,,42.49358,-76.29796,1,(607) 844-5336,Y
,,,,,,,,,,,42.58813,-76.13039,1,(607) 758-3838,Y
,,,,,,,,,,,40.90684,-73.9046,1,(718) 432-2163,N
,,,,,,,,,,,40.72393,-73.52691,1,,N
,,,,,,,,,,,42.43824,-76.50838,1,(607) 272-3619,Y
,,,,,,,,,,,44.04753,-75.81047,1,(315) 773-2730,N
,,,,,,,,,,,42.11642,-76.01919,1,(607) 785-2720,Y
,,,,,,,,,,,40.7348,-73.08506,1,,N
,,,,,,,,,,,40.59094,-74.16465,1,,N
,,,,,,,,,,,42.86274,-73.77873,1,,Y
,,,,,,,,,,,40.79033,-73.97464,1,,N
,,,,,,,,,,,42.87673,-78.69666,1,,Y
,,,,,,,,,,,40.81149,-73.12492,1,,N
,,,,,,,,,,,42.70747,-73.67811,1,,Y
,,,,,,,,,,,40.7555,-73.97836,1,,N
,,,,,,,,,,,43.0689,-77.44171,1,,Y
,,,,,,,,,,,43.05637,-74.32429,1,,Y
,,,,,,,,,,,40.7384,-73.42352,1,(631) 752-2361,N
,,,,,,,,,,,43.15416,-75.97389,1,(315) 633-2333,Y
,,,,,,,,,,,40.64704,-73.88286,1,,N
,,,,,,,,,,,40.703,-73.79981,1,(718) 206-4135,N
,,,,,,,,,,,40.74065,-73.75842,1,(718) 217-1599,N
,,,,,,,,,,,40.83091,-73.91055,1,,N
,,,,,,,,,,,42.83088,-78.75346,1,(716) 674-6306,Y
,,,,,,,,,,,41.20034,-74.00818,1,,N
,,,,,,,,,,,43.04135,-76.2691,1,(978) 682-2747,Y
,,,,,,,,,,,41.55508,-73.78461,1,(845) 226-4166,N
,,,,,,,,,,,42.86883,-73.9329,1,,Y
,,,,,,,,,,,40.73955,-73.93461,1,(718) 706-6007,N
,,,,,,,,,,,42.75633,-73.75853,1,,Y
,,,,,,,,,,,41.4662,-74.35913,1,(845) 943-6247,Y
,,,,,,,,,,,40.68958,-73.66792,1,(516) 481-4911,N
,,,,,,,,,,,43.32904,-73.6871,1,,Y
,,,,,,,,,,,42.99069,-78.76035,1,(716) 632-1410,Y
,,,,,,,,,,,41.60731,-73.82863,1,(845) 227-8611,N
,,,,,,,,,,,40.57615,-74.1645,1,,N
,,,,,,,,,,,41.49292,-73.67934,1,(845) 878-7792,Y
,,,,,,,,,,,43.18779,-77.50601,1,,N
,,,,,,,,,,,42.81855,-73.7718,1,(978) 682-2747,Y
,,,,,,,,,,,42.08019,-78.47742,1,(716) 592-4299,Y
,,,,,,,,,,,40.68568,-73.7936,1,(718) 925-8790,N
,,,,,,,,,,,40.74878,-73.99159,1,(212) 594-3084,N
,,,,,,,,,,,40.70318,-73.3431,1,(631) 321-0159,N
,,,,,,,,,,,42.93798,-78.69809,1,,Y
,,,,,,,,,,,40.74055,-73.98165,1,(212) 213-6086,N
,,,,,,,,,,,42.9913,-78.82115,1,,N
,,,,,,,,,,,40.60209,-74.12046,1,,N
,,,,,,,,,,,40.56569,-74.11274,1,(732) 572-5000,N
,,,,,,,,,,,43.12823,-78.83775,1,(715) 731-4505,Y
,,,,,,,,,,,43.2533,-77.66608,1,,Y
,,,,,,,,,,,43.11805,-75.29265,1,(978) 682-2747,Y
,,,,,,,,,,,43.22673,-77.28165,1,,Y
,,,,,,,,,,,43.3636,-73.69985,1,,Y
,,,,,,,,,,,44.04588,-75.8007,1,,N
,,,,,,,,,,,40.6197,-74.00825,1,,N
,,,,,,,,,,,42.08752,-76.04952,1,(607) 754-1064,Y
,,,,,,,,,,,43.18805,-76.22655,1,(315) 622-3850,N
,,,,,,,,,,,40.74497,-73.98265,1,(212) 213-9029,N
,,,,,,,,,,,42.7901,-73.97882,1,(518) 346-0059,Y
,,,,,,,,,,,42.94745,-78.86942,1,(716) 873-6666,Y
,,,,,,,,,,,41.71178,-73.96409,1,(845) 691-7058,Y
,,,,,,,,,,,40.95627,-73.73829,1,,N
,,,,,,,,,,,42.29276,-73.98889,1,(518) 622-3248,Y
,,,,,,,,,,,43.02686,-73.7928,1,,N
,,,,,,,,,,,43.14996,-77.69044,1,,Y
,,,,,,,,,,,40.82661,-72.809,1,,N
,,,,,,,,,,,40.87664,-73.17038,1,,N
,,,,,,,,,,,43.01489,-75.03675,1,(978) 682-2747,Y
,,,,,,,,,,,42.621,-73.77682,1,(978) 682-2747,Y
,,,,,,,,,,,40.70138,-73.43256,1,(516) 795-0192,N
,,,,,,,,,,,43.04547,-73.85007,1,,N
,,,,,,,,,,,40.72714,-73.85336,1,(718) 793-3690,N
,,,,,,,,,,,44.72763,-73.43539,1,,Y
,,,,,,,,,,,40.84088,-73.83939,1,,Y
,,,,,,,,,,,41.31501,-74.16615,1,,N
,,,,,,,,,,,40.74776,-73.55215,1,,N
,,,,,,,,,,,43.10132,-77.46186,1,,Y
,,,,,,,,,,,40.67607,-74.00063,1,(718) 237-0374,N
,,,,,,,,,,,41.67159,-73.79713,1,(845) 452-2937,N
,,,,,,,,,,,41.04344,-73.8006,1,(914) 948-3634,N
,,,,,,,,,,,40.8174,-73.9227,1,(718) 292-1477,N
,,,,,,,,,,,43.07097,-76.17254,1,(315) 476-0747,N
,,,,,,,,,,,40.7215,-74.00467,1,,N
,,,,,,,,,,,40.76635,-73.31055,1,(631) 544-6219,N
,,,,,,,,,,,40.74752,-73.88415,1,(718) 779-3947,N
,,,,,,,,,,,40.61046,-73.95444,1,(212) 737-4957,N
,,,,,,,,,,,40.76807,-73.26162,1,,N
,,,,,,,,,,,41.04544,-73.95548,1,,N
,,,,,,,,,,,43.20281,-77.65142,1,,N
,,,,,,,,,,,40.73681,-73.98438,1,(212) 228-0442,N
,,,,,,,,,,,43.48778,-73.7579,1,,Y
,,,,,,,,,,,41.15174,-73.83009,1,(914) 762-0237,N
,,,,,,,,,,,40.80781,-73.95264,1,,N
,,,,,,,,,,,42.10226,-75.8448,1,(607) 238-7794,Y
,,,,,,,,,,,42.89021,-78.87321,1,(716) 845-7061,N
,,,,,,,,,,,40.70907,-73.29786,1,,N
,,,,,,,,,,,40.75918,-73.97053,1,(212) 644-5849,N
,,,,,,,,,,,40.62185,-74.02887,1,,N
,,,,,,,,,,,40.76143,-73.98422,1,,N
,,,,,,,,,,,40.57586,-73.98105,1,,N
,,,,,,,,,,,40.74773,-74.00046,1,,N
,,,,,,,,,,,40.70162,-73.59291,1,,Y
,,,,,,,,,,,43.10846,-77.74462,1,,Y
,,,,,,,,,,,40.77253,-73.27856,1,,N
,,,,,,,,,,,40.79497,-73.9713,1,,N
,,,,,,,,,,,40.75414,-73.99184,1,,N
,,,,,,,,,,,40.75064,-73.97684,1,(212) 682-4215,N
,,,,,,,,,,,42.45924,-79.31604,1,(716) 366-9278,Y
,,,,,,,,,,,40.95025,-73.72982,1,,N
,,,,,,,,,,,40.98908,-73.80885,1,(914) 472-9227,N
,,,,,,,,,,,40.743,-73.48218,1,(516) 470-1613,N
,,,,,,,,,,,40.83942,-73.93744,1,,N
,,,,,,,,,,,40.73416,-73.17657,1,,N
,,,,,,,,,,,42.60689,-76.16792,1,(315) 218-6341,Y
,,,,,,,,,,,40.77297,-73.79491,1,(718) 225-0492,N
,,,,,,,,,,,42.54693,-73.36844,1,(518) 733-0312,Y
,,,,,,,,,,,40.87032,-73.87881,1,(718) 944-1591,N
,,,,,,,,,,,40.67762,-73.47001,1,,N
,,,,,,,,,,,40.59787,-73.96096,1,(718) 376-3590,N
,,,,,,,,,,,40.61283,-73.98218,1,,N
,,,,,,,,,,,43.11081,-74.26731,1,(518) 661-5344,Y
,,,,,,,,,,,42.1508,-76.83463,1,(607) 739-2219,Y
,,,,,,,,,,,40.8595,-73.41787,1,,N
,,,,,,,,,,,40.63049,-73.91909,1,,N
,,,,,,,,,,,40.73613,-73.74716,1,,N
,,,,,,,,,,,41.07991,-73.86375,1,(914) 631-0429,N
,,,,,,,,,,,40.73426,-73.84769,1,,N
,,,,,,,,,,,42.97309,-77.35365,1,,Y
,,,,,,,,,,,40.69233,-73.479,1,,N
,,,,,,,,,,,41.0313,-73.78731,1,(914) 681-8791,N
,,,,,,,,,,,40.90588,-73.77695,1,(914) 633-0028,N
,,,,,,,,,,,42.09624,-75.97712,1,(607) 217-7377,Y
,,,,,,,,,,,42.37336,-76.86993,1,,Y
,,,,,,,,,,,43.12784,-77.66418,1,,N
,,,,,,,,,,,42.63878,-73.85746,1,,N
,,,,,,,,,,,42.8126,-73.98218,1,,Y
,,,,,,,,,,,40.58698,-74.10435,1,,N
,,,,,,,,,,,40.89049,-73.84908,1,,N
,,,,,,,,,,,40.87835,-73.88599,1,(718) 220-0839,Y
,,,,,,,,,,,43.05965,-77.61154,1,,Y
,,,,,,,,,,,40.79018,-73.94592,1,,N
,,,,,,,,,,,40.72585,-73.50671,1,,N
,,,,,,,,,,,40.74999,-73.86286,1,,N
,,,,,,,,,,,40.81997,-73.80999,1,(718) 824-9292,N
,,,,,,,,,,,40.72986,-73.46163,1,(516) 694-0451,N
,,,,,,,,,,,41.4854,-74.0948,1,,Y
,,,,,,,,,,,40.86017,-73.90257,1,(914) 699-9400,N
,,,,,,,,,,,40.82382,-73.94469,1,,N
,,,,,,,,,,,41.4941,-74.40363,1,,Y
,,,,,,,,,,,42.51686,-75.52258,1,,Y
,,,,,,,,,,,43.23805,-78.90893,1,,Y
,,,,,,,,,,,43.97637,-75.95851,1,(315) 782-9200,N
,,,,,,,,,,,40.68045,-73.59039,1,,N
,,,,,,,,,,,40.92419,-73.85846,1,(914) 968-0813,N
,,,,,,,,,,,43.04085,-76.06617,1,,N
,,,,,,,,,,,42.7496,-78.8537,1,(716) 648-4186,Y
,,,,,,,,,,,40.60905,-73.97243,1,(718) 513-1668,N
,,,,,,,,,,,40.70686,-74.00716,1,,N
,,,,,,,,,,,40.74765,-73.17237,1,,N
,,,,,,,,,,,40.82949,-73.01283,1,(631) 732-7708,N
,,,,,,,,,,,40.76075,-73.99454,1,,N
,,,,,,,,,,,40.63725,-73.70388,1,(516) 612-4654,N
,,,,,,,,,,,40.76079,-73.97619,1,,N
,,,,,,,,,,,40.79322,-73.94366,1,(212) 369-9610,N
,,,,,,,,,,,40.57888,-73.84948,1,(718) 634-4037,N
,,,,,,,,,,,40.67714,-73.93376,1,(718) 756-1011,N
,,,,,,,,,,,40.52819,-74.2379,1,,Y
,,,,,,,,,,,42.8277,-75.54612,1,,Y
,,,,,,,,,,,43.1387,-75.27634,1,,Y
,,,,,,,,,,,42.78509,-73.67303,1,,Y
,,,,,,,,,,,40.83295,-73.82802,1,,N
,,,,,,,,,,,40.83187,-73.86687,1,,N
,,,,,,,,,,,40.76691,-73.98285,1,(212) 315-4579,N
,,,,,,,,,,,40.87932,-73.90532,1,(718) 432-2741,N
,,,,,,,,,,,40.68378,-73.54063,1,,N
,,,,,,,,,,,40.66489,-73.73491,1,(718) 341-2895,N
,,,,,,,,,,,40.70233,-73.81754,1,,N
,,,,,,,,,,,40.83683,-73.84641,1,(718) 239-6958,N
,,,,,,,,,,,40.86367,-73.86507,1,,N
,,,,,,,,,,,40.84923,-73.85348,1,,N
,,,,,,,,,,,42.15905,-78.74237,1,,Y
,,,,,,,,,,,40.62665,-73.9766,1,,N
,,,,,,,,,,,40.7924,-73.96808,1,(212) 280-3395,N
,,,,,,,,,,,41.13537,-73.79202,1,(914) 741-2479,N
,,,,,,,,,,,43.81014,-76.0312,1,(315) 232-5005,Y
,,,,,,,,,,,40.66456,-73.99775,1,(718) 369-0538,N
,,,,,,,,,,,40.78468,-73.94696,1,,N
,,,,,,,,,,,40.81157,-73.40929,1,,N
,,,,,,,,,,,40.89311,-73.85697,1,(718) 798-0380,N
,,,,,,,,,,,42.12524,-79.23993,1,(716) 661-3709,Y
,,,,,,,,,,,42.33956,-77.33408,1,,Y
,,,,,,,,,,,40.76309,-73.92799,1,,N
,,,,,,,,,,,43.09032,-75.22186,1,(978) 682-2747,Y
,,,,,,,,,,,41.67009,-73.8411,1,(845) 454-4440,N
,,,,,,,,,,,41.7021,-73.87124,1,(845) 452-7012,Y
,,,,,,,,,,,40.76679,-73.82758,1,(718) 321-7511,N
,,,,,,,,,,,40.79234,-73.97144,1,(212) 864-1047,N
,,,,,,,,,,,40.7981,-73.96956,1,,N
,,,,,,,,,,,42.69474,-73.84767,1,(978) 682-2747,N
,,,,,,,,,,,41.51923,-74.10789,1,,Y
,,,,,,,,,,,40.7301,-73.86139,1,,N
,,,,,,,,,,,40.84203,-73.30165,1,,N
,,,,,,,,,,,40.59689,-74.08524,1,,N
,,,,,,,,,,,42.65324,-73.774,1,(518) 262-8658,N
,,,,,,,,,,,42.96862,-74.18659,1,,Y
,,,,,,,,,,,41.39602,-73.59653,1,(845) 878-7792,N
,,,,,,,,,,,40.64804,-73.78008,1,,N
,,,,,,,,,,,40.64754,-73.77896,1,,N
,,,,,,,,,,,40.64339,-73.77936,1,,N
,,,,,,,,,,,40.64339,-73.77936,1,,N
,,,,,,,,,,,40.64704,-73.77863,1,,N
,,,,,,,,,,,40.64664,-73.77863,1,,N
,,,,,,,,,,,42.96007,-78.75964,1,,Y
,,,,,,,,,,,40.67385,-73.73533,1,(718) 712-3577,N
,,,,,,,,,,,40.8029,-73.95667,1,,N
,,,,,,,,,,,40.81062,-73.50374,1,(516) 364-2156,N
,,,,,,,,,,,42.53898,-76.49199,1,,Y
,,,,,,,,,,,43.46039,-76.23876,1,(315) 963-7122,Y
,,,,,,,,,,,40.80971,-72.94897,1,,N
,,,,,,,,,,,42.16184,-75.77045,1,,N
,,,,,,,,,,,42.17014,-75.13721,1,,N
,,,,,,,,,,,42.14593,-74.63317,1,,N
,,,,,,,,,,,40.7832,-73.4735,1,,N
,,,,,,,,,,,40.7295,-73.99844,1,(212) 375-9999,N
,,,,,,,,,,,41.41486,-73.67068,1,,Y
,,,,,,,,,,,40.70873,-74.00524,1,,N
,,,,,,,,,,,40.71877,-74.00001,1,,N
,,,,,,,,,,,40.91756,-73.90185,1,(914) 966-0601,N
,,,,,,,,,,,41.47756,-74.04208,1,,N
,,,,,,,,,,,40.7461,-73.97934,1,,N
,,,,,,,,,,,42.60178,-73.79254,1,(978) 682-2747,Y
,,,,,,,,,,,40.77711,-73.94994,1,(212) 876-4510,N
,,,,,,,,,,,40.7298,-73.97937,1,,N
,,,,,,,,,,,40.72496,-73.72284,1,,N
,,,,,,,,,,,40.76998,-73.95174,1,,N
,,,,,,,,,,,40.63426,-73.65375,1,,N
,,,,,,,,,,,40.60543,-73.64938,1,,Y
,,,,,,,,,,,40.73478,-73.95223,1,,N
,,,,,,,,,,,40.62567,-73.92782,1,,N
,,,,,,,,,,,42.60982,-73.72577,1,,N
,,,,,,,,,,,42.75449,-73.70043,1,,N
,,,,,,,,,,,42.27282,-73.76006,1,,N
,,,,,,,,,,,42.24752,-73.78099,1,,N
,,,,,,,,,,,43.25202,-73.66759,1,,N
,,,,,,,,,,,43.30211,-73.63806,1,,N
,,,,,,,,,,,43.3302,-73.68106,1,,N
,,,,,,,,,,,43.04825,-76.1689,1,,N
,,,,,,,,,,,43.05078,-76.14722,1,,N
,,,,,,,,,,,42.98483,-76.14362,1,,N
,,,,,,,,,,,41.12627,-74.04108,1,,N
,,,,,,,,,,,43.09322,-77.65733,1,,N
,,,,,,,,,,,43.12555,-77.59225,1,,N
,,,,,,,,,,,43.16953,-77.70197,1,,N
,,,,,,,,,,,43.09584,-77.58191,1,,N
,,,,,,,,,,,42.11179,-75.93886,1,,N
,,,,,,,,,,,42.09504,-75.89406,1,,N
,,,,,,,,,,,42.86307,-73.76875,1,,N
,,,,,,,,,,,42.66833,-74.50344,1,,N
,,,,,,,,,,,42.90387,-73.78415,1,,N
,,,,,,,,,,,43.06438,-77.40952,1,,N
,,,,,,,,,,,43.16495,-77.73252,1,,N
,,,,,,,,,,,43.05412,-77.65438,1,,N
,,,,,,,,,,,42.55093,-75.52647,1,,N
,,,,,,,,,,,42.4481,-75.04985,1,,N
,,,,,,,,,,,43.21464,-77.73203,1,,N
,,,,,,,,,,,43.0626,-76.17582,1,,N
,,,,,,,,,,,40.86628,-73.91827,1,(212) 942-4379,N
,,,,,,,,,,,40.69691,-73.81418,1,,N
,,,,,,,,,,,40.89582,-73.87651,1,,N
,,,,,,,,,,,40.81596,-73.92804,1,(718) 401-0830,N
,,,,,,,,,,,40.71382,-73.9335,1,,N
,,,,,,,,,,,40.75622,-73.9977,1,,N
,,,,,,,,,,,40.8536,-73.93443,1,(212) 740-0004,N
,,,,,,,,,,,42.29084,-75.47379,1,(607) 967-7168,Y
,,,,,,,,,,,40.81505,-73.94044,1,,N
,,,,,,,,,,,43.14334,-78.88531,1,,Y
,,,,,,,,,,,40.80534,-73.91115,1,(718) 993-7498,N
,,,,,,,,,,,41.73812,-74.01575,1,,N
,,,,,,,,,,,40.88305,-73.25349,1,,N
,,,,,,,,,,,41.96061,-74.05692,1,,N
,,,,,,,,,,,41.95842,-73.99058,1,,N
,,,,,,,,,,,40.68308,-73.35553,1,,N
,,,,,,,,,,,40.92671,-73.04862,1,,N
,,,,,,,,,,,42.08296,-73.97592,1,,N
,,,,,,,,,,,40.91969,-72.34296,1,,N
,,,,,,,,,,,43.31976,-76.4367,1,,Y
,,,,,,,,,,,40.72509,-73.77158,1,,N
,,,,,,,,,,,40.76451,-73.88589,1,,N
,,,,,,,,,,,40.75763,-73.82743,1,,N
,,,,,,,,,,,40.89404,-73.82409,1,,N
,,,,,,,,,,,40.66655,-73.85202,1,,N
,,,,,,,,,,,41.06367,-72.42995,1,,N
,,,,,,,,,,,40.78765,-73.97501,1,,N
,,,,,,,,,,,42.74767,-76.13524,1,,Y
,,,,,,,,,,,40.76202,-73.99014,1,,N
,,,,,,,,,,,40.58627,-73.93107,1,,N
,,,,,,,,,,,40.93632,-73.8567,1,(914) 965-2608,N
,,,,,,,,,,,40.77357,-73.90675,1,(718) 204-0115,N
,,,,,,,,,,,40.7081,-74.01415,1,(212) 785-8111,N
,,,,,,,,,,,40.64456,-73.92254,1,,N
,,,,,,,,,,,40.67442,-73.84266,1,,N
,,,,,,,,,,,40.62082,-74.0323,1,,N
,,,,,,,,,,,40.65537,-73.95968,1,,N
,,,,,,,,,,,41.26908,-73.60631,1,,N
,,,,,,,,,,,41.09912,-73.95151,1,,N
,,,,,,,,,,,40.83764,-73.33115,1,,N
,,,,,,,,,,,40.94383,-72.84711,1,(516) 801-3061,N
,,,,,,,,,,,40.6694,-73.95046,1,,N
,,,,,,,,,,,40.7555,-73.92523,1,(718) 392-8772,N
,,,,,,,,,,,40.70993,-74.01017,1,,N
,,,,,,,,,,,40.68047,-73.90336,1,(718) 998-2633,N
,,,,,,,,,,,43.11654,-75.59662,1,(315) 363-3331,Y
,,,,,,,,,,,42.74549,-73.80923,1,(518) 346-1892,N
,,,,,,,,,,,43.06095,-77.47549,1,,Y
,,,,,,,,,,,40.75535,-73.84321,1,,N
,,,,,,,,,,,43.09454,-77.51424,1,,N
,,,,,,,,,,,40.82652,-73.92826,1,,N
,,,,,,,,,,,41.40866,-74.41114,1,(845) 374-4488,Y
,,,,,,,,,,,41.18922,-73.73179,1,(914) 244-9773,N
,,,,,,,,,,,40.91627,-73.81088,1,(914) 633-3029,N
,,,,,,,,,,,40.73616,-73.98906,1,,N
,,,,,,,,,,,40.82115,-73.95467,1,,N
,,,,,,,,,,,40.7578,-73.92001,1,(718) 372-8772,N
,,,,,,,,,,,40.74661,-73.5966,1,,N
,,,,,,,,,,,40.74199,-73.86707,1,,N
,,,,,,,,,,,40.89601,-73.8636,1,(718) 881-0390,N
,,,,,,,,,,,40.73537,-73.87486,1,,N
,,,,,,,,,,,40.7121,-73.94112,1,(347) 500-5083,N
,,,,,,,,,,,40.59232,-73.90813,1,,N
,,,,,,,,,,,43.19768,-77.93214,1,,Y
,,,,,,,,,,,40.66701,-73.66082,1,(516) 801-3061,N
,,,,,,,,,,,40.7432,-73.99313,1,,N
,,,,,,,,,,,40.89621,-72.39912,1,(631) 377-3999,N
,,,,,,,,,,,42.1568,-76.82224,1,(585) 486-1585,Y
,,,,,,,,,,,42.92993,-75.84897,1,(315) 655-0660,N
,,,,,,,,,,,40.81598,-73.29227,1,(631) 499-2231,N
,,,,,,,,,,,40.76261,-73.91586,1,(718) 204-8408,N
,,,,,,,,,,,40.80733,-73.23848,1,,N
,,,,,,,,,,,40.7528,-73.04006,1,,N
,,,,,,,,,,,40.69477,-73.50785,1,,N
,,,,,,,,,,,40.84838,-73.9377,1,,N
,,,,,,,,,,,40.92057,-73.12907,1,,N
,,,,,,,,,,,40.7527,-73.99507,1,,N
,,,,,,,,,,,40.69517,-73.39121,1,,N
,,,,,,,,,,,44.98134,-73.45917,1,,Y
,,,,,,,,,,,43.17607,-76.11386,1,,Y
,,,,,,,,,,,43.14408,-77.73283,1,,Y
,,,,,,,,,,,44.84966,-74.28495,1,(518) 481-1024,N
,,,,,,,,,,,41.06858,-73.70424,1,(914) 422-8130,N
,,,,,,,,,,,43.21803,-77.79077,1,,Y
,,,,,,,,,,,40.95076,-72.23805,1,,N
,,,,,,,,,,,43.01665,-78.95883,1,,Y
,,,,,,,,,,,40.69597,-73.90542,1,,N
,,,,,,,,,,,40.68803,-73.98189,1,,N
,,,,,,,,,,,40.64802,-73.78628,1,,N
,,,,,,,,,,,40.8952,-73.88157,1,,N
,,,,,,,,,,,40.89495,-73.88264,1,,N
,,,,,,,,,,,43.96645,-75.62276,1,(315) 519-3020,Y
,,,,,,,,,,,43.06048,-76.15317,1,(315) 314-7050,Y
,,,,,,,,,,,40.74848,-73.6841,1,,N
,,,,,,,,,,,41.76274,-73.93069,1,,Y
,,,,,,,,,,,40.62136,-73.91703,1,,N
,,,,,,,,,,,43.18835,-77.56121,1,(585) 270-5677,Y
,,,,,,,,,,,40.60895,-74.12155,1,,N
,,,,,,,,,,,40.65705,-73.76856,1,,N
,,,,,,,,,,,43.08183,-75.32195,1,,Y
,,,,,,,,,,,40.64546,-73.91278,1,,N
,,,,,,,,,,,40.65595,-73.60782,1,(516) 223-3932,Y
,,,,,,,,,,,40.75085,-73.93974,1,,N
,,,,,,,,,,,40.64138,-73.96445,1,,N
,,,,,,,,,,,41.01226,-73.8067,1,,N
,,,,,,,,,,,41.03163,-73.77106,1,(914) 448-4859,N
,,,,,,,,,,,42.6042,-73.71573,1,,Y
,,,,,,,,,,,43.03339,-76.1875,1,(315) 314-7319,Y
,,,,,,,,,,,43.06223,-76.05993,1,,N
,,,,,,,,,,,40.80174,-73.7358,1,,N
,,,,,,,,,,,40.60007,-73.9467,1,,N
,,,,,,,,,,,40.68365,-73.97542,1,,N
,,,,,,,,,,,40.84586,-73.90208,1,,N
,,,,,,,,,,,42.90981,-77.73426,1,,Y
,,,,,,,,,,,42.86699,-73.73185,1,,Y
,,,,,,,,,,,40.63848,-73.99768,1,,N
,,,,,,,,,,,40.75018,-73.42192,1,,N
,,,,,,,,,,,41.60417,-74.29434,1,,Y
,,,,,,,,,,,40.76614,-73.95608,1,,N
,,,,,,,,,,,40.81651,-73.46581,1,,N
,,,,,,,,,,,40.73373,-73.99929,1,,N
,,,,,,,,,,,43.24773,-75.18418,1,,Y
,,,,,,,,,,,40.75114,-73.57117,1,,Y
,,,,,,,,,,,42.11222,-75.95783,1,,Y
,,,,,,,,,,,40.77856,-73.95637,1,,N
,,,,,,,,,,,40.85848,-73.88509,1,,N
,,,,,,,,,,,40.71641,-73.99559,1,,N
,,,,,,,,,,,40.61114,-74.00932,1,,N
,,,,,,,,,,,40.87046,-72.7986,1,,N
,,,,,,,,,,,40.66792,-73.98092,1,,N
,,,,,,,,,,,40.7434,-73.95402,1,,N
,,,,,,,,,,,42.86102,-73.78043,1,,N
,,,,,,,,,,,40.8606,-73.15421,1,,N
,,,,,,,,,,,44.9667,-74.63879,1,(518) 358-9480,Y
,,,,,,,,,,,40.72086,-73.84457,1,,N
,,,,,,,,,,,40.74991,-73.99212,1,,N
,,,,,,,,,,,40.75441,-73.97733,1,,N
,,,,,,,,,,,42.75995,-73.94167,1,,Y
,,,,,,,,,,,43.11981,-77.80547,1,,N
,,,,,,,,,,,40.78226,-73.84607,1,,N
,,,,,,,,,,,40.58982,-73.79848,1,,N
,,,,,,,,,,,43.10071,-76.18559,1,,N
,,,,,,,,,,,43.11901,-76.18501,1,,N
,,,,,,,,,,,40.88216,-73.88022,1,,N
,,,,,,,,,,,42.93712,-76.57117,1,,Y
,,,,,,,,,,,44.72183,-73.72385,1,(518) 578-3732,N
,,,,,,,,,,,43.03471,-76.36475,1,,N
,,,,,,,,,,,41.18665,-74.03617,1,,N
,,,,,,,,,,,42.47098,-76.40271,1,(607) 319-5176,Y
,,,,,,,,,,,40.71746,-74.00037,1,,N
,,,,,,,,,,,42.59097,-76.19128,1,(607) 299-4799,Y
,,,,,,,,,,,40.74301,-73.88253,1,,N
,,,,,,,,,,,42.33515,-75.97211,1,(607) 634-4161,Y
,,,,,,,,,,,44.04489,-75.75786,1,(315) 681-6833,N
,,,,,,,,,,,42.85686,-77.00388,1,,Y
,,,,,,,,,,,42.8786,-77.26204,1,,Y
,,,,,,,,,,,40.75231,-73.98756,1,,N
,,,,,,,,,,,40.56094,-74.13525,1,,Y
,,,,,,,,,,,40.6923,-73.9872,1,,N
,,,,,,,,,,,40.75533,-73.99478,1,,N
,,,,,,,,,,,42.63421,-76.19131,1,(607) 299-4385,Y
,,,,,,,,,,,40.64237,-74.01338,1,,N
,,,,,,,,,,,40.65056,-73.95874,1,(718) 736-0995,N
,,,,,,,,,,,42.76274,-78.82487,1,,Y
,,,,,,,,,,,40.79849,-73.9528,1,,N
,,,,,,,,,,,43.85775,-73.43894,1,,Y
,,,,,,,,,,,40.81007,-73.92499,1,(718) 799-5356,N
,,,,,,,,,,,40.64315,-73.78217,1,,N
,,,,,,,,,,,40.82562,-73.91883,1,,N
,,,,,,,,,,,40.93471,-73.02292,1,,Y
,,,,,,,,,,,42.92706,-74.20012,1,,Y
,,,,,,,,,,,44.65174,-73.48372,1,,Y
,,,,,,,,,,,40.70684,-74.00879,1,,N
,,,,,,,,,,,40.76112,-73.82746,1,,N
,,,,,,,,,,,40.754,-73.82238,1,,N
,,,,,,,,,,,40.60224,-73.94438,1,,N
,,,,,,,,,,,40.7742,-73.94849,1,,N
,,,,,,,,,,,40.69992,-73.91162,1,(718) 392-8772,N
,,,,,,,,,,,40.67886,-73.83218,1,,N
,,,,,,,,,,,43.06324,-78.83495,1,,Y
,,,,,,,,,,,40.89175,-72.90057,1,,N
,,,,,,,,,,,42.84243,-73.94073,1,(518) 381-1853,N
,,,,,,,,,,,40.93246,-72.31628,1,,N
,,,,,,,,,,,42.99837,-78.85142,1,,Y
,,,,,,,,,,,40.86547,-73.53253,1,,N
,,,,,,,,,,,42.72894,-73.69096,1,,Y
,,,,,,,,,,,40.75455,-73.98116,1,,N
,,,,,,,,,,,40.75016,-73.98132,1,,N
,,,,,,,,,,,40.64087,-73.65661,1,(516) 307-3329,N
,,,,,,,,,,,40.64734,-73.63829,1,,N
,,,,,,,,,,,42.9344,-76.5662,1,,N
,,,,,,,,,,,43.04076,-76.2725,1,,N
,,,,,,,,,,,42.82056,-73.76357,1,,N
,,,,,,,,,,,42.76299,-73.88468,1,,N
,,,,,,,,,,,43.02975,-76.00648,1,,N
,,,,,,,,,,,40.72498,-73.87933,1,,N
,,,,,,,,,,,42.3177,-75.41258,1,(607) 563-4010,Y
,,,,,,,,,,,40.7481,-73.04762,1,,N
,,,,,,,,,,,40.85917,-73.6349,1,(516) 671-3702,N
,,,,,,,,,,,40.7372,-73.20786,1,,N
,,,,,,,,,,,40.7826,-73.09039,1,,N
,,,,,,,,,,,40.78795,-73.1371,1,,N
,,,,,,,,,,,41.72941,-74.00147,1,,N
,,,,,,,,,,,41.96032,-73.9712,1,,N
,,,,,,,,,,,41.47709,-74.20959,1,,N
,,,,,,,,,,,40.98123,-73.77631,1,,N
,,,,,,,,,,,40.64534,-73.83625,1,,N
,,,,,,,,,,,43.19689,-77.59199,1,,N
,,,,,,,,,,,41.06345,-73.86215,1,,N
,,,,,,,,,,,42.12467,-75.97621,1,,N
,,,,,,,,,,,42.0958,-75.97955,1,,N
,,,,,,,,,,,42.41962,-76.52061,1,,Y
,,,,,,,,,,,40.82289,-72.60905,1,,N
,,,,,,,,,,,43.13214,-78.67792,1,,Y
,,,,,,,,,,,40.8199,-73.90162,1,(718) 799-5356,N
,,,,,,,,,,,40.66719,-73.81126,1,,N
,,,,,,,,,,,40.70538,-73.65466,1,,N
,,,,,,,,,,,40.72501,-73.48779,1,,N
,,,,,,,,,,,40.60451,-73.9743,1,,N
,,,,,,,,,,,40.72291,-73.45846,1,,Y
,,,,,,,,,,,40.75227,-73.92426,1,,N
,,,,,,,,,,,42.42304,-76.51646,1,,N
,,,,,,,,,,,43.16476,-77.67863,1,,N
,,,,,,,,,,,43.08247,-76.12392,1,,N
,,,,,,,,,,,43.01839,-74.36234,1,,N
,,,,,,,,,,,40.68121,-73.95546,1,,N
,,,,,,,,,,,40.74219,-72.86947,1,,N
,,,,,,,,,,,40.92432,-72.64261,1,,N
,,,,,,,,,,,40.89298,-72.42468,1,,N
,,,,,,,,,,,42.16858,-75.88683,1,,N
,,,,,,,,,,,40.70888,-74.0091,1,,N
,,,,,,,,,,,43.10532,-76.14626,1,,Y
,,,,,,,,,,,40.7525,-73.97329,1,,N
,,,,,,,,,,,40.78469,-73.94963,1,(646) 727-7744,N
,,,,,,,,,,,40.69704,-73.93532,1,,N
,,,,,,,,,,,40.78063,-73.95251,1,,N
,,,,,,,,,,,40.75469,-73.82778,1,,N
,,,,,,,,,,,43.20652,-77.67902,1,,N
,,,,,,,,,,,42.76524,-73.75446,1,,N
,,,,,,,,,,,43.3164,-73.61366,1,,N
,,,,,,,,,,,40.84642,-73.26698,1,,N
,,,,,,,,,,,42.73932,-73.6751,1,,N
,,,,,,,,,,,40.71276,-73.99004,1,(212) 566-5072,N
,,,,,,,,,,,43.05496,-76.55819,1,,Y
,,,,,,,,,,,43.09388,-75.27753,1,,Y
,,,,,,,,,,,42.0951,-76.05704,1,,N
,,,,,,,,,,,42.09952,-75.92165,1,,N
,,,,,,,,,,,43.08028,-75.39153,1,,Y
,,,,,,,,,,,40.75954,-73.98369,1,,N
,,,,,,,,,,,41.50877,-73.68343,1,(945) 878-7792,N
,,,,,,,,,,,40.64645,-73.95807,1,,N
,,,,,,,,,,,40.76032,-73.96148,1,,N
,,,,,,,,,,,42.89882,-78.86459,1,,N
,,,,,,,,,,,43.14136,-76.18684,1,,Y
,,,,,,,,,,,40.5789,-73.9844,1,,N
,,,,,,,,,,,40.75791,-73.99092,1,,N
,,,,,,,,,,,40.58261,-73.83664,1,,Y
,,,,,,,,,,,43.21879,-77.79293,1,,N
,,,,,,,,,,,40.72956,-73.78052,1,,N
,,,,,,,,,,,40.73003,-73.86295,1,,N
,,,,,,,,,,,40.60694,-73.96273,1,183-9258,N
,,,,,,,,,,,40.65575,-73.94268,1,,N
